datetime,CC,CC_estimates
2024-04-08 00:00:00,0,0
2024-04-08 00:30:00,0,0
2024-04-08 01:00:00,0,0
2024-04-08 01:30:00,0,0
2024-04-08 02:00:00,0,0
2024-04-08 02:30:00,0,0
2024-04-08 03:00:00,0,0
2024-04-08 03:30:00,0,0
2024-04-08 04:00:00,0,0
2024-04-08 04:30:00,0,0
2024-04-08 05:00:00,0,0
2024-04-08 05:30:00,0,0
2024-04-08 06:00:00,0,0
2024-04-08 06:30:00,0,0
2024-04-08 07:00:00,0,0
2024-04-08 07:30:00,0,0
2024-04-08 08:00:00,0,0
2024-04-08 08:30:00,0,0
2024-04-08 09:00:00,0,0
2024-04-08 09:30:00,4,4
2024-04-08 10:00:00,30,31
2024-04-08 10:30:00,43,44
2024-04-08 11:00:00,42,43
2024-04-08 11:30:00,13,15
2024-04-08 12:00:00,29,31
2024-04-08 12:30:00,28,30
2024-04-08 13:00:00,25,27
2024-04-08 13:30:00,11,13
2024-04-08 14:00:00,11,13
2024-04-08 14:30:00,11,13
2024-04-08 15:00:00,8,10
2024-04-08 15:30:00,12,14
2024-04-08 16:00:00,12,14
2024-04-08 16:30:00,12,14
2024-04-08 17:00:00,8,10
2024-04-08 17:30:00,-2,0
2024-04-08 18:00:00,-2,0
2024-04-08 18:30:00,-2,0
2024-04-08 19:00:00,-2,0
2024-04-08 19:30:00,-2,0
2024-04-08 20:00:00,-2,0
2024-04-08 20:30:00,-2,0
2024-04-08 21:00:00,-2,0
2024-04-08 21:30:00,-2,0
2024-04-08 22:00:00,-2,0
2024-04-08 22:30:00,-2,0
2024-04-08 23:00:00,-2,0
2024-04-08 23:30:00,-2,0
2024-04-09 00:00:00,-2,0
2024-04-09 00:30:00,0,0
2024-04-09 01:00:00,0,0
2024-04-09 01:30:00,0,0
2024-04-09 02:00:00,0,0
2024-04-09 02:30:00,0,0
2024-04-09 03:00:00,0,0
2024-04-09 03:30:00,0,0
2024-04-09 04:00:00,0,0
2024-04-09 04:30:00,0,0
2024-04-09 05:00:00,0,0
2024-04-09 05:30:00,0,0
2024-04-09 06:00:00,0,0
2024-04-09 06:30:00,0,0
2024-04-09 07:00:00,0,0
2024-04-09 07:30:00,0,0
2024-04-09 08:00:00,4,4
2024-04-09 08:30:00,23,23
2024-04-09 09:00:00,24,24
2024-04-09 09:30:00,22,22
2024-04-09 10:00:00,20,20
2024-04-09 10:30:00,27,27
2024-04-09 11:00:00,28,28
2024-04-09 11:30:00,20,20
2024-04-09 12:00:00,25,25
2024-04-09 12:30:00,26,26
2024-04-09 13:00:00,24,24
2024-04-09 13:30:00,20,20
2024-04-09 14:00:00,26,26
2024-04-09 14:30:00,26,26
2024-04-09 15:00:00,24,24
2024-04-09 15:30:00,38,38
2024-04-09 16:00:00,38,38
2024-04-09 16:30:00,36,36
2024-04-09 17:00:00,23,23
2024-04-09 17:30:00,0,0
2024-04-09 18:00:00,0,0
2024-04-09 18:30:00,0,0
2024-04-09 19:00:00,0,0
2024-04-09 19:30:00,0,0
2024-04-09 20:00:00,0,0
2024-04-09 20:30:00,0,0
2024-04-09 21:00:00,0,0
2024-04-09 21:30:00,0,0
2024-04-09 22:00:00,0,0
2024-04-09 22:30:00,0,0
2024-04-09 23:00:00,0,0
2024-04-09 23:30:00,0,0
2024-04-10 00:00:00,0,0
2024-04-10 00:30:00,0,0
2024-04-10 01:00:00,0,0
2024-04-10 01:30:00,0,0
2024-04-10 02:00:00,0,0
2024-04-10 02:30:00,0,0
2024-04-10 03:00:00,0,0
2024-04-10 03:30:00,0,0
2024-04-10 04:00:00,0,0
2024-04-10 04:30:00,0,0
2024-04-10 05:00:00,0,0
2024-04-10 05:30:00,0,0
2024-04-10 06:00:00,0,0
2024-04-10 06:30:00,0,0
2024-04-10 07:00:00,0,0
2024-04-10 07:30:00,0,0
2024-04-10 08:00:00,0,0
2024-04-10 08:30:00,0,0
2024-04-10 09:00:00,0,0
2024-04-10 09:30:00,0,0
2024-04-10 10:00:00,17,17
2024-04-10 10:30:00,30,30
2024-04-10 11:00:00,32,32
2024-04-10 11:30:00,22,22
2024-04-10 12:00:00,29,29
2024-04-10 12:30:00,34,34
2024-04-10 13:00:00,34,34
2024-04-10 13:30:00,6,7
2024-04-10 14:00:00,9,10
2024-04-10 14:30:00,32,33
2024-04-10 15:00:00,19,20
2024-04-10 15:30:00,-1,0
2024-04-10 16:00:00,-1,0
2024-04-10 16:30:00,-1,0
2024-04-10 17:00:00,-1,0
2024-04-10 17:30:00,-1,0
2024-04-10 18:00:00,-1,0
2024-04-10 18:30:00,-1,0
2024-04-10 19:00:00,-1,0
2024-04-10 19:30:00,0,1
2024-04-10 20:00:00,0,0
2024-04-10 20:30:00,0,0
2024-04-10 21:00:00,0,0
2024-04-10 21:30:00,0,0
2024-04-10 22:00:00,0,0
2024-04-10 22:30:00,0,0
2024-04-10 23:00:00,0,0
2024-04-10 23:30:00,0,0
2024-04-11 00:00:00,0,0
2024-04-11 00:30:00,0,0
2024-04-11 01:00:00,0,0
2024-04-11 01:30:00,0,0
2024-04-11 02:00:00,0,0
2024-04-11 02:30:00,0,0
2024-04-11 03:00:00,0,0
2024-04-11 03:30:00,0,0
2024-04-11 04:00:00,0,0
2024-04-11 04:30:00,0,0
2024-04-11 05:00:00,0,0
2024-04-11 05:30:00,0,0
2024-04-11 06:00:00,0,0
2024-04-11 06:30:00,0,0
2024-04-11 07:00:00,0,0
2024-04-11 07:30:00,0,0
2024-04-11 08:00:00,2,2
2024-04-11 08:30:00,11,12
2024-04-11 09:00:00,10,11
2024-04-11 09:30:00,9,10
2024-04-11 10:00:00,5,6
2024-04-11 10:30:00,11,12
2024-04-11 11:00:00,11,12
2024-04-11 11:30:00,5,6
2024-04-11 12:00:00,6,7
2024-04-11 12:30:00,6,7
2024-04-11 13:00:00,4,5
2024-04-11 13:30:00,25,27
2024-04-11 14:00:00,37,40
2024-04-11 14:30:00,22,26
2024-04-11 15:00:00,19,23
2024-04-11 15:30:00,34,39
2024-04-11 16:00:00,34,39
2024-04-11 16:30:00,33,38
2024-04-11 17:00:00,16,22
2024-04-11 17:30:00,28,35
2024-04-11 18:00:00,29,36
2024-04-11 18:30:00,27,34
2024-04-11 19:00:00,8,16
2024-04-11 19:30:00,-5,4
2024-04-11 20:00:00,-8,1
2024-04-11 20:30:00,-9,0
2024-04-11 21:00:00,-9,0
2024-04-11 21:30:00,-9,0
2024-04-11 22:00:00,-9,0
2024-04-11 22:30:00,-9,0
2024-04-11 23:00:00,-9,0
2024-04-11 23:30:00,-9,0
2024-04-12 00:00:00,-9,0
2024-04-12 00:30:00,0,0
2024-04-12 01:00:00,0,0
2024-04-12 01:30:00,0,0
2024-04-12 02:00:00,0,0
2024-04-12 02:30:00,0,0
2024-04-12 03:00:00,0,0
2024-04-12 03:30:00,0,0
2024-04-12 04:00:00,0,0
2024-04-12 04:30:00,0,0
2024-04-12 05:00:00,0,0
2024-04-12 05:30:00,0,0
2024-04-12 06:00:00,0,0
2024-04-12 06:30:00,0,0
2024-04-12 07:00:00,0,0
2024-04-12 07:30:00,0,0
2024-04-12 08:00:00,8,8
2024-04-12 08:30:00,28,28
2024-04-12 09:00:00,31,31
2024-04-12 09:30:00,31,31
2024-04-12 10:00:00,4,3
2024-04-12 10:30:00,3,2
2024-04-12 11:00:00,3,2
2024-04-12 11:30:00,10,9
2024-04-12 12:00:00,34,33
2024-04-12 12:30:00,37,36
2024-04-12 13:00:00,36,35
2024-04-12 13:30:00,12,11
2024-04-12 14:00:00,18,17
2024-04-12 14:30:00,17,16
2024-04-12 15:00:00,10,9
2024-04-12 15:30:00,3,2
2024-04-12 16:00:00,1,0
2024-04-12 16:30:00,1,0
2024-04-12 17:00:00,1,0
2024-04-12 17:30:00,1,0
2024-04-12 18:00:00,1,0
2024-04-12 18:30:00,1,0
2024-04-12 19:00:00,1,0
2024-04-12 19:30:00,1,0
2024-04-12 20:00:00,1,0
2024-04-12 20:30:00,1,0
2024-04-12 21:00:00,1,0
2024-04-12 21:30:00,1,0
2024-04-12 22:00:00,1,0
2024-04-12 22:30:00,1,0
2024-04-12 23:00:00,1,0
2024-04-12 23:30:00,1,0
2024-04-13 00:00:00,1,0
2024-04-13 00:30:00,0,0
2024-04-13 01:00:00,0,0
2024-04-13 01:30:00,0,0
2024-04-13 02:00:00,0,0
2024-04-13 02:30:00,0,0
2024-04-13 03:00:00,0,0
2024-04-13 03:30:00,0,0
2024-04-13 04:00:00,0,0
2024-04-13 04:30:00,0,0
2024-04-13 05:00:00,0,0
2024-04-13 05:30:00,0,0
2024-04-13 06:00:00,0,0
2024-04-13 06:30:00,0,0
2024-04-13 07:00:00,0,0
2024-04-13 07:30:00,0,0
2024-04-13 08:00:00,0,0
2024-04-13 08:30:00,0,0
2024-04-13 09:00:00,0,0
2024-04-13 09:30:00,0,0
2024-04-13 10:00:00,0,0
2024-04-13 10:30:00,0,0
2024-04-13 11:00:00,0,0
2024-04-13 11:30:00,0,0
2024-04-13 12:00:00,0,0
2024-04-13 12:30:00,0,0
2024-04-13 13:00:00,0,0
2024-04-13 13:30:00,0,0
2024-04-13 14:00:00,0,0
2024-04-13 14:30:00,0,0
2024-04-13 15:00:00,0,0
2024-04-13 15:30:00,0,0
2024-04-13 16:00:00,0,0
2024-04-13 16:30:00,0,0
2024-04-13 17:00:00,0,0
2024-04-13 17:30:00,0,0
2024-04-13 18:00:00,0,0
2024-04-13 18:30:00,0,0
2024-04-13 19:00:00,0,0
2024-04-13 19:30:00,0,0
2024-04-13 20:00:00,0,0
2024-04-13 20:30:00,0,0
2024-04-13 21:00:00,0,0
2024-04-13 21:30:00,0,0
2024-04-13 22:00:00,0,0
2024-04-13 22:30:00,0,0
2024-04-13 23:00:00,0,0
2024-04-13 23:30:00,0,0
2024-04-14 00:00:00,0,0
2024-04-14 00:30:00,0,0
2024-04-14 01:00:00,0,0
2024-04-14 01:30:00,0,0
2024-04-14 02:00:00,0,0
2024-04-14 02:30:00,0,0
2024-04-14 03:00:00,0,0
2024-04-14 03:30:00,0,0
2024-04-14 04:00:00,0,0
2024-04-14 04:30:00,0,0
2024-04-14 05:00:00,0,0
2024-04-14 05:30:00,0,0
2024-04-14 06:00:00,0,0
2024-04-14 06:30:00,0,0
2024-04-14 07:00:00,0,0
2024-04-14 07:30:00,0,0
2024-04-14 08:00:00,0,0
2024-04-14 08:30:00,0,0
2024-04-14 09:00:00,0,0
2024-04-14 09:30:00,0,0
2024-04-14 10:00:00,0,0
2024-04-14 10:30:00,0,0
2024-04-14 11:00:00,0,0
2024-04-14 11:30:00,0,0
2024-04-14 12:00:00,0,0
2024-04-14 12:30:00,0,0
2024-04-14 13:00:00,0,0
2024-04-14 13:30:00,0,0
2024-04-14 14:00:00,0,0
2024-04-14 14:30:00,0,0
2024-04-14 15:00:00,0,0
2024-04-14 15:30:00,0,0
2024-04-14 16:00:00,0,0
2024-04-14 16:30:00,0,0
2024-04-14 17:00:00,0,0
2024-04-14 17:30:00,0,0
2024-04-14 18:00:00,0,0
2024-04-14 18:30:00,0,0
2024-04-14 19:00:00,0,0
2024-04-14 19:30:00,0,0
2024-04-14 20:00:00,0,0
2024-04-14 20:30:00,0,0
2024-04-14 21:00:00,0,0
2024-04-14 21:30:00,0,0
2024-04-14 22:00:00,0,0
2024-04-14 22:30:00,0,0
2024-04-14 23:00:00,0,0
2024-04-14 23:30:00,0,0
2024-04-15 00:00:00,0,0
2024-04-15 00:30:00,0,0
2024-04-15 01:00:00,0,0
2024-04-15 01:30:00,0,0
2024-04-15 02:00:00,0,0
2024-04-15 02:30:00,0,0
2024-04-15 03:00:00,0,0
2024-04-15 03:30:00,0,0
2024-04-15 04:00:00,0,0
2024-04-15 04:30:00,0,0
2024-04-15 05:00:00,0,0
2024-04-15 05:30:00,0,0
2024-04-15 06:00:00,0,0
2024-04-15 06:30:00,0,0
2024-04-15 07:00:00,0,0
2024-04-15 07:30:00,0,0
2024-04-15 08:00:00,0,0
2024-04-15 08:30:00,0,0
2024-04-15 09:00:00,0,0
2024-04-15 09:30:00,0,0
2024-04-15 10:00:00,2,2
2024-04-15 10:30:00,3,3
2024-04-15 11:00:00,3,3
2024-04-15 11:30:00,7,7
2024-04-15 12:00:00,19,20
2024-04-15 12:30:00,19,20
2024-04-15 13:00:00,17,18
2024-04-15 13:30:00,22,23
2024-04-15 14:00:00,27,28
2024-04-15 14:30:00,27,28
2024-04-15 15:00:00,18,20
2024-04-15 15:30:00,5,8
2024-04-15 16:00:00,6,9
2024-04-15 16:30:00,6,9
2024-04-15 17:00:00,3,6
2024-04-15 17:30:00,-3,0
2024-04-15 18:00:00,-3,0
2024-04-15 18:30:00,-3,0
2024-04-15 19:00:00,-3,0
2024-04-15 19:30:00,-3,0
2024-04-15 20:00:00,-2,1
2024-04-15 20:30:00,-2,1
2024-04-15 21:00:00,-2,0
2024-04-15 21:30:00,-2,0
2024-04-15 22:00:00,-2,0
2024-04-15 22:30:00,-2,0
2024-04-15 23:00:00,-2,0
2024-04-15 23:30:00,-2,0
2024-04-16 00:00:00,-2,0
2024-04-16 00:30:00,0,0
2024-04-16 01:00:00,0,0
2024-04-16 01:30:00,0,0
2024-04-16 02:00:00,0,0
2024-04-16 02:30:00,0,0
2024-04-16 03:00:00,0,0
2024-04-16 03:30:00,0,0
2024-04-16 04:00:00,0,0
2024-04-16 04:30:00,0,0
2024-04-16 05:00:00,0,0
2024-04-16 05:30:00,0,0
2024-04-16 06:00:00,0,0
2024-04-16 06:30:00,0,0
2024-04-16 07:00:00,0,0
2024-04-16 07:30:00,0,0
2024-04-16 08:00:00,7,7
2024-04-16 08:30:00,30,28
2024-04-16 09:00:00,33,31
2024-04-16 09:30:00,33,31
2024-04-16 10:00:00,24,21
2024-04-16 10:30:00,31,28
2024-04-16 11:00:00,28,25
2024-04-16 11:30:00,23,20
2024-04-16 12:00:00,36,32
2024-04-16 12:30:00,36,32
2024-04-16 13:00:00,36,32
2024-04-16 13:30:00,31,27
2024-04-16 14:00:00,35,31
2024-04-16 14:30:00,35,31
2024-04-16 15:00:00,32,28
2024-04-16 15:30:00,37,33
2024-04-16 16:00:00,40,36
2024-04-16 16:30:00,37,33
2024-04-16 17:00:00,32,28
2024-04-16 17:30:00,6,0
2024-04-16 18:00:00,6,0
2024-04-16 18:30:00,6,0
2024-04-16 19:00:00,6,0
2024-04-16 19:30:00,6,0
2024-04-16 20:00:00,6,0
2024-04-16 20:30:00,6,0
2024-04-16 21:00:00,6,0
2024-04-16 21:30:00,6,0
2024-04-16 22:00:00,6,0
2024-04-16 22:30:00,6,0
2024-04-16 23:00:00,6,0
2024-04-16 23:30:00,6,0
2024-04-17 00:00:00,6,0
2024-04-17 00:30:00,0,0
2024-04-17 01:00:00,0,0
2024-04-17 01:30:00,0,0
2024-04-17 02:00:00,0,0
2024-04-17 02:30:00,0,0
2024-04-17 03:00:00,0,0
2024-04-17 03:30:00,0,0
2024-04-17 04:00:00,0,0
2024-04-17 04:30:00,0,0
2024-04-17 05:00:00,0,0
2024-04-17 05:30:00,0,0
2024-04-17 06:00:00,0,0
2024-04-17 06:30:00,0,0
2024-04-17 07:00:00,0,0
2024-04-17 07:30:00,0,0
2024-04-17 08:00:00,0,0
2024-04-17 08:30:00,0,0
2024-04-17 09:00:00,0,0
2024-04-17 09:30:00,0,0
2024-04-17 10:00:00,14,15
2024-04-17 10:30:00,23,24
2024-04-17 11:00:00,24,25
2024-04-17 11:30:00,12,13
2024-04-17 12:00:00,0,2
2024-04-17 12:30:00,0,2
2024-04-17 13:00:00,0,2
2024-04-17 13:30:00,0,2
2024-04-17 14:00:00,3,5
2024-04-17 14:30:00,27,30
2024-04-17 15:00:00,19,22
2024-04-17 15:30:00,-4,0
2024-04-17 16:00:00,-4,0
2024-04-17 16:30:00,-4,0
2024-04-17 17:00:00,-4,0
2024-04-17 17:30:00,-4,0
2024-04-17 18:00:00,-4,0
2024-04-17 18:30:00,-4,0
2024-04-17 19:00:00,-4,0
2024-04-17 19:30:00,-4,0
2024-04-17 20:00:00,-4,0
2024-04-17 20:30:00,-4,0
2024-04-17 21:00:00,-4,0
2024-04-17 21:30:00,-4,0
2024-04-17 22:00:00,-4,0
2024-04-17 22:30:00,-4,0
2024-04-17 23:00:00,-4,0
2024-04-17 23:30:00,-4,0
2024-04-18 00:00:00,-4,0
2024-04-18 00:30:00,0,0
2024-04-18 01:00:00,0,0
2024-04-18 01:30:00,0,0
2024-04-18 02:00:00,0,0
2024-04-18 02:30:00,0,0
2024-04-18 03:00:00,0,0
2024-04-18 03:30:00,0,0
2024-04-18 04:00:00,0,0
2024-04-18 04:30:00,0,0
2024-04-18 05:00:00,0,0
2024-04-18 05:30:00,0,0
2024-04-18 06:00:00,0,0
2024-04-18 06:30:00,0,0
2024-04-18 07:00:00,0,0
2024-04-18 07:30:00,0,0
2024-04-18 08:00:00,2,2
2024-04-18 08:30:00,20,20
2024-04-18 09:00:00,21,21
2024-04-18 09:30:00,21,21
2024-04-18 10:00:00,13,13
2024-04-18 10:30:00,19,19
2024-04-18 11:00:00,20,20
2024-04-18 11:30:00,13,13
2024-04-18 12:00:00,0,0
2024-04-18 12:30:00,1,1
2024-04-18 13:00:00,6,6
2024-04-18 13:30:00,39,39
2024-04-18 14:00:00,50,50
2024-04-18 14:30:00,20,20
2024-04-18 15:00:00,17,17
2024-04-18 15:30:00,28,28
2024-04-18 16:00:00,26,26
2024-04-18 16:30:00,23,23
2024-04-18 17:00:00,13,13
2024-04-18 17:30:00,20,20
2024-04-18 18:00:00,18,18
2024-04-18 18:30:00,18,18
2024-04-18 19:00:00,2,2
2024-04-18 19:30:00,0,0
2024-04-18 20:00:00,0,0
2024-04-18 20:30:00,0,0
2024-04-18 21:00:00,0,0
2024-04-18 21:30:00,0,0
2024-04-18 22:00:00,0,0
2024-04-18 22:30:00,0,0
2024-04-18 23:00:00,0,0
2024-04-18 23:30:00,0,0
2024-04-19 00:00:00,0,0
2024-04-19 00:30:00,0,0
2024-04-19 01:00:00,0,0
2024-04-19 01:30:00,0,0
2024-04-19 02:00:00,0,0
2024-04-19 02:30:00,0,0
2024-04-19 03:00:00,0,0
2024-04-19 03:30:00,0,0
2024-04-19 04:00:00,0,0
2024-04-19 04:30:00,0,0
2024-04-19 05:00:00,0,0
2024-04-19 05:30:00,0,0
2024-04-19 06:00:00,0,0
2024-04-19 06:30:00,0,0
2024-04-19 07:00:00,0,0
2024-04-19 07:30:00,0,0
2024-04-19 08:00:00,9,8
2024-04-19 08:30:00,38,34
2024-04-19 09:00:00,43,39
2024-04-19 09:30:00,44,40
2024-04-19 10:00:00,9,2
2024-04-19 10:30:00,7,0
2024-04-19 11:00:00,7,0
2024-04-19 11:30:00,7,0
2024-04-19 12:00:00,7,0
2024-04-19 12:30:00,7,0
2024-04-19 13:00:00,7,0
2024-04-19 13:30:00,7,0
2024-04-19 14:00:00,7,0
2024-04-19 14:30:00,7,0
2024-04-19 15:00:00,7,0
2024-04-19 15:30:00,7,0
2024-04-19 16:00:00,7,0
2024-04-19 16:30:00,7,0
2024-04-19 17:00:00,7,0
2024-04-19 17:30:00,7,0
2024-04-19 18:00:00,7,0
2024-04-19 18:30:00,7,0
2024-04-19 19:00:00,7,0
2024-04-19 19:30:00,7,0
2024-04-19 20:00:00,7,0
2024-04-19 20:30:00,8,1
2024-04-19 21:00:00,8,0
2024-04-19 21:30:00,8,0
2024-04-19 22:00:00,8,0
2024-04-19 22:30:00,8,0
2024-04-19 23:00:00,8,0
2024-04-19 23:30:00,8,0
2024-04-20 00:00:00,8,0
2024-04-20 00:30:00,0,0
2024-04-20 01:00:00,0,0
2024-04-20 01:30:00,0,0
2024-04-20 02:00:00,0,0
2024-04-20 02:30:00,0,0
2024-04-20 03:00:00,0,0
2024-04-20 03:30:00,0,0
2024-04-20 04:00:00,0,0
2024-04-20 04:30:00,0,0
2024-04-20 05:00:00,0,0
2024-04-20 05:30:00,0,0
2024-04-20 06:00:00,0,0
2024-04-20 06:30:00,0,0
2024-04-20 07:00:00,0,0
2024-04-20 07:30:00,0,0
2024-04-20 08:00:00,0,0
2024-04-20 08:30:00,0,0
2024-04-20 09:00:00,0,0
2024-04-20 09:30:00,0,0
2024-04-20 10:00:00,0,0
2024-04-20 10:30:00,0,0
2024-04-20 11:00:00,0,0
2024-04-20 11:30:00,0,0
2024-04-20 12:00:00,0,0
2024-04-20 12:30:00,0,0
2024-04-20 13:00:00,0,0
2024-04-20 13:30:00,0,0
2024-04-20 14:00:00,0,0
2024-04-20 14:30:00,0,0
2024-04-20 15:00:00,0,0
2024-04-20 15:30:00,0,0
2024-04-20 16:00:00,0,0
2024-04-20 16:30:00,0,0
2024-04-20 17:00:00,0,0
2024-04-20 17:30:00,0,0
2024-04-20 18:00:00,0,0
2024-04-20 18:30:00,0,0
2024-04-20 19:00:00,0,0
2024-04-20 19:30:00,0,0
2024-04-20 20:00:00,0,0
2024-04-20 20:30:00,0,0
2024-04-20 21:00:00,0,0
2024-04-20 21:30:00,0,0
2024-04-20 22:00:00,0,0
2024-04-20 22:30:00,0,0
2024-04-20 23:00:00,0,0
2024-04-20 23:30:00,0,0
2024-04-21 00:00:00,0,0
2024-04-21 00:30:00,0,0
2024-04-21 01:00:00,0,0
2024-04-21 01:30:00,0,0
2024-04-21 02:00:00,0,0
2024-04-21 02:30:00,0,0
2024-04-21 03:00:00,0,0
2024-04-21 03:30:00,0,0
2024-04-21 04:00:00,0,0
2024-04-21 04:30:00,0,0
2024-04-21 05:00:00,0,0
2024-04-21 05:30:00,0,0
2024-04-21 06:00:00,0,0
2024-04-21 06:30:00,0,0
2024-04-21 07:00:00,0,0
2024-04-21 07:30:00,0,0
2024-04-21 08:00:00,0,0
2024-04-21 08:30:00,0,0
2024-04-21 09:00:00,0,0
2024-04-21 09:30:00,0,0
2024-04-21 10:00:00,0,0
2024-04-21 10:30:00,0,0
2024-04-21 11:00:00,0,0
2024-04-21 11:30:00,0,0
2024-04-21 12:00:00,0,0
2024-04-21 12:30:00,0,0
2024-04-21 13:00:00,0,0
2024-04-21 13:30:00,0,0
2024-04-21 14:00:00,0,0
2024-04-21 14:30:00,0,0
2024-04-21 15:00:00,0,0
2024-04-21 15:30:00,0,0
2024-04-21 16:00:00,0,0
2024-04-21 16:30:00,0,0
2024-04-21 17:00:00,0,0
2024-04-21 17:30:00,0,0
2024-04-21 18:00:00,0,0
2024-04-21 18:30:00,0,0
2024-04-21 19:00:00,0,0
2024-04-21 19:30:00,0,0
2024-04-21 20:00:00,0,0
2024-04-21 20:30:00,0,0
2024-04-21 21:00:00,0,0
2024-04-21 21:30:00,0,0
2024-04-21 22:00:00,0,0
2024-04-21 22:30:00,0,0
2024-04-21 23:00:00,0,0
2024-04-21 23:30:00,0,0
2024-04-22 00:00:00,0,0
2024-04-22 00:30:00,0,0
2024-04-22 01:00:00,0,0
2024-04-22 01:30:00,0,0
2024-04-22 02:00:00,0,0
2024-04-22 02:30:00,0,0
2024-04-22 03:00:00,0,0
2024-04-22 03:30:00,0,0
2024-04-22 04:00:00,0,0
2024-04-22 04:30:00,0,0
2024-04-22 05:00:00,0,0
2024-04-22 05:30:00,0,0
2024-04-22 06:00:00,0,0
2024-04-22 06:30:00,0,0
2024-04-22 07:00:00,0,0
2024-04-22 07:30:00,0,0
2024-04-22 08:00:00,11,10
2024-04-22 08:30:00,54,50
2024-04-22 09:00:00,58,54
2024-04-22 09:30:00,58,54
2024-04-22 10:00:00,51,47
2024-04-22 10:30:00,56,52
2024-04-22 11:00:00,54,50
2024-04-22 11:30:00,28,22
2024-04-22 12:00:00,36,30
2024-04-22 12:30:00,33,27
2024-04-22 13:00:00,29,23
2024-04-22 13:30:00,32,26
2024-04-22 14:00:00,36,30
2024-04-22 14:30:00,36,30
2024-04-22 15:00:00,35,29
2024-04-22 15:30:00,47,40
2024-04-22 16:00:00,27,19
2024-04-22 16:30:00,13,4
2024-04-22 17:00:00,16,7
2024-04-22 17:30:00,18,9
2024-04-22 18:00:00,18,9
2024-04-22 18:30:00,11,2
2024-04-22 19:00:00,9,0
2024-04-22 19:30:00,9,0
2024-04-22 20:00:00,10,1
2024-04-22 20:30:00,10,1
2024-04-22 21:00:00,10,0
2024-04-22 21:30:00,10,0
2024-04-22 22:00:00,10,0
2024-04-22 22:30:00,10,0
2024-04-22 23:00:00,10,0
2024-04-22 23:30:00,10,0
2024-04-23 00:00:00,10,0
2024-04-23 00:30:00,0,0
2024-04-23 01:00:00,0,0
2024-04-23 01:30:00,0,0
2024-04-23 02:00:00,0,0
2024-04-23 02:30:00,0,0
2024-04-23 03:00:00,0,0
2024-04-23 03:30:00,0,0
2024-04-23 04:00:00,0,0
2024-04-23 04:30:00,0,0
2024-04-23 05:00:00,0,0
2024-04-23 05:30:00,0,0
2024-04-23 06:00:00,0,0
2024-04-23 06:30:00,0,0
2024-04-23 07:00:00,0,0
2024-04-23 07:30:00,0,0
2024-04-23 08:00:00,5,5
2024-04-23 08:30:00,23,22
2024-04-23 09:00:00,24,23
2024-04-23 09:30:00,20,19
2024-04-23 10:00:00,14,13
2024-04-23 10:30:00,20,19
2024-04-23 11:00:00,20,19
2024-04-23 11:30:00,19,18
2024-04-23 12:00:00,31,30
2024-04-23 12:30:00,31,30
2024-04-23 13:00:00,31,30
2024-04-23 13:30:00,21,20
2024-04-23 14:00:00,22,21
2024-04-23 14:30:00,21,20
2024-04-23 15:00:00,22,21
2024-04-23 15:30:00,40,38
2024-04-23 16:00:00,41,39
2024-04-23 16:30:00,39,37
2024-04-23 17:00:00,22,19
2024-04-23 17:30:00,4,0
2024-04-23 18:00:00,4,0
2024-04-23 18:30:00,4,0
2024-04-23 19:00:00,4,0
2024-04-23 19:30:00,4,0
2024-04-23 20:00:00,4,0
2024-04-23 20:30:00,4,0
2024-04-23 21:00:00,4,0
2024-04-23 21:30:00,4,0
2024-04-23 22:00:00,4,0
2024-04-23 22:30:00,4,0
2024-04-23 23:00:00,4,0
2024-04-23 23:30:00,4,0
2024-04-24 00:00:00,4,0
2024-04-24 00:30:00,0,0
2024-04-24 01:00:00,0,0
2024-04-24 01:30:00,0,0
2024-04-24 02:00:00,0,0
2024-04-24 02:30:00,0,0
2024-04-24 03:00:00,0,0
2024-04-24 03:30:00,0,0
2024-04-24 04:00:00,0,0
2024-04-24 04:30:00,0,0
2024-04-24 05:00:00,0,0
2024-04-24 05:30:00,0,0
2024-04-24 06:00:00,0,0
2024-04-24 06:30:00,0,0
2024-04-24 07:00:00,0,0
2024-04-24 07:30:00,0,0
2024-04-24 08:00:00,0,0
2024-04-24 08:30:00,0,0
2024-04-24 09:00:00,0,0
2024-04-24 09:30:00,1,1
2024-04-24 10:00:00,15,15
2024-04-24 10:30:00,26,26
2024-04-24 11:00:00,26,26
2024-04-24 11:30:00,21,21
2024-04-24 12:00:00,36,36
2024-04-24 12:30:00,35,35
2024-04-24 13:00:00,33,33
2024-04-24 13:30:00,26,26
2024-04-24 14:00:00,0,1
2024-04-24 14:30:00,29,31
2024-04-24 15:00:00,21,23
2024-04-24 15:30:00,-3,0
2024-04-24 16:00:00,-3,0
2024-04-24 16:30:00,-3,0
2024-04-24 17:00:00,-3,0
2024-04-24 17:30:00,-3,0
2024-04-24 18:00:00,-3,0
2024-04-24 18:30:00,-3,0
2024-04-24 19:00:00,-3,0
2024-04-24 19:30:00,-3,0
2024-04-24 20:00:00,-3,0
2024-04-24 20:30:00,-3,0
2024-04-24 21:00:00,-3,0
2024-04-24 21:30:00,-3,0
2024-04-24 22:00:00,-3,0
2024-04-24 22:30:00,-3,0
2024-04-24 23:00:00,-3,0
2024-04-24 23:30:00,-3,0
2024-04-25 00:00:00,-3,0
2024-04-25 00:30:00,0,0
2024-04-25 01:00:00,0,0
2024-04-25 01:30:00,0,0
2024-04-25 02:00:00,0,0
2024-04-25 02:30:00,0,0
2024-04-25 03:00:00,0,0
2024-04-25 03:30:00,0,0
2024-04-25 04:00:00,0,0
2024-04-25 04:30:00,0,0
2024-04-25 05:00:00,0,0
2024-04-25 05:30:00,0,0
2024-04-25 06:00:00,0,0
2024-04-25 06:30:00,0,0
2024-04-25 07:00:00,0,0
2024-04-25 07:30:00,-1,0
2024-04-25 08:00:00,2,3
2024-04-25 08:30:00,15,16
2024-04-25 09:00:00,16,17
2024-04-25 09:30:00,15,16
2024-04-25 10:00:00,12,13
2024-04-25 10:30:00,17,18
2024-04-25 11:00:00,17,18
2024-04-25 11:30:00,13,14
2024-04-25 12:00:00,1,2
2024-04-25 12:30:00,1,2
2024-04-25 13:00:00,6,7
2024-04-25 13:30:00,32,32
2024-04-25 14:00:00,44,44
2024-04-25 14:30:00,15,14
2024-04-25 15:00:00,9,8
2024-04-25 15:30:00,29,28
2024-04-25 16:00:00,30,29
2024-04-25 16:30:00,17,16
2024-04-25 17:00:00,10,9
2024-04-25 17:30:00,19,18
2024-04-25 18:00:00,20,19
2024-04-25 18:30:00,5,4
2024-04-25 19:00:00,1,0
2024-04-25 19:30:00,2,1
2024-04-25 20:00:00,2,1
2024-04-25 20:30:00,2,0
2024-04-25 21:00:00,2,0
2024-04-25 21:30:00,2,0
2024-04-25 22:00:00,2,0
2024-04-25 22:30:00,2,0
2024-04-25 23:00:00,2,0
2024-04-25 23:30:00,2,0
2024-04-26 00:00:00,2,0
2024-04-26 00:30:00,0,0
2024-04-26 01:00:00,0,0
2024-04-26 01:30:00,0,0
2024-04-26 02:00:00,0,0
2024-04-26 02:30:00,0,0
2024-04-26 03:00:00,0,0
2024-04-26 03:30:00,0,0
2024-04-26 04:00:00,0,0
2024-04-26 04:30:00,0,0
2024-04-26 05:00:00,0,0
2024-04-26 05:30:00,0,0
2024-04-26 06:00:00,0,0
2024-04-26 06:30:00,0,0
2024-04-26 07:00:00,0,0
2024-04-26 07:30:00,1,0
2024-04-26 08:00:00,8,7
2024-04-26 08:30:00,39,36
2024-04-26 09:00:00,43,40
2024-04-26 09:30:00,43,40
2024-04-26 10:00:00,56,52
2024-04-26 10:30:00,72,67
2024-04-26 11:00:00,70,65
2024-04-26 11:30:00,39,32
2024-04-26 12:00:00,9,0
2024-04-26 12:30:00,9,0
2024-04-26 13:00:00,9,0
2024-04-26 13:30:00,10,1
2024-04-26 14:00:00,9,0
2024-04-26 14:30:00,9,0
2024-04-26 15:00:00,9,0
2024-04-26 15:30:00,9,0
2024-04-26 16:00:00,9,0
2024-04-26 16:30:00,9,0
2024-04-26 17:00:00,9,0
2024-04-26 17:30:00,9,0
2024-04-26 18:00:00,9,0
2024-04-26 18:30:00,9,0
2024-04-26 19:00:00,9,0
2024-04-26 19:30:00,10,1
2024-04-26 20:00:00,10,0
2024-04-26 20:30:00,10,0
2024-04-26 21:00:00,10,0
2024-04-26 21:30:00,10,0
2024-04-26 22:00:00,10,0
2024-04-26 22:30:00,10,0
2024-04-26 23:00:00,10,0
2024-04-26 23:30:00,10,0
2024-04-27 00:00:00,10,0
2024-04-27 00:30:00,0,0
2024-04-27 01:00:00,0,0
2024-04-27 01:30:00,0,0
2024-04-27 02:00:00,0,0
2024-04-27 02:30:00,0,0
2024-04-27 03:00:00,0,0
2024-04-27 03:30:00,0,0
2024-04-27 04:00:00,0,0
2024-04-27 04:30:00,0,0
2024-04-27 05:00:00,0,0
2024-04-27 05:30:00,0,0
2024-04-27 06:00:00,0,0
2024-04-27 06:30:00,0,0
2024-04-27 07:00:00,0,0
2024-04-27 07:30:00,0,0
2024-04-27 08:00:00,0,0
2024-04-27 08:30:00,0,0
2024-04-27 09:00:00,0,0
2024-04-27 09:30:00,0,0
2024-04-27 10:00:00,0,0
2024-04-27 10:30:00,0,0
2024-04-27 11:00:00,0,0
2024-04-27 11:30:00,0,0
2024-04-27 12:00:00,0,0
2024-04-27 12:30:00,0,0
2024-04-27 13:00:00,0,0
2024-04-27 13:30:00,0,0
2024-04-27 14:00:00,0,0
2024-04-27 14:30:00,0,0
2024-04-27 15:00:00,0,0
2024-04-27 15:30:00,0,0
2024-04-27 16:00:00,0,0
2024-04-27 16:30:00,0,0
2024-04-27 17:00:00,0,0
2024-04-27 17:30:00,0,0
2024-04-27 18:00:00,0,0
2024-04-27 18:30:00,0,0
2024-04-27 19:00:00,0,0
2024-04-27 19:30:00,0,0
2024-04-27 20:00:00,0,0
2024-04-27 20:30:00,0,0
2024-04-27 21:00:00,0,0
2024-04-27 21:30:00,0,0
2024-04-27 22:00:00,0,0
2024-04-27 22:30:00,0,0
2024-04-27 23:00:00,0,0
2024-04-27 23:30:00,0,0
2024-04-28 00:00:00,0,0
2024-04-28 00:30:00,0,0
2024-04-28 01:00:00,0,0
2024-04-28 01:30:00,0,0
2024-04-28 02:00:00,0,0
2024-04-28 02:30:00,0,0
2024-04-28 03:00:00,0,0
2024-04-28 03:30:00,0,0
2024-04-28 04:00:00,0,0
2024-04-28 04:30:00,0,0
2024-04-28 05:00:00,0,0
2024-04-28 05:30:00,0,0
2024-04-28 06:00:00,0,0
2024-04-28 06:30:00,0,0
2024-04-28 07:00:00,0,0
2024-04-28 07:30:00,0,0
2024-04-28 08:00:00,0,0
2024-04-28 08:30:00,0,0
2024-04-28 09:00:00,0,0
2024-04-28 09:30:00,0,0
2024-04-28 10:00:00,0,0
2024-04-28 10:30:00,0,0
2024-04-28 11:00:00,0,0
2024-04-28 11:30:00,0,0
2024-04-28 12:00:00,0,0
2024-04-28 12:30:00,0,0
2024-04-28 13:00:00,0,0
2024-04-28 13:30:00,0,0
2024-04-28 14:00:00,0,0
2024-04-28 14:30:00,0,0
2024-04-28 15:00:00,0,0
2024-04-28 15:30:00,0,0
2024-04-28 16:00:00,0,0
2024-04-28 16:30:00,0,0
2024-04-28 17:00:00,0,0
2024-04-28 17:30:00,0,0
2024-04-28 18:00:00,0,0
2024-04-28 18:30:00,0,0
2024-04-28 19:00:00,0,0
2024-04-28 19:30:00,0,0
2024-04-28 20:00:00,0,0
2024-04-28 20:30:00,0,0
2024-04-28 21:00:00,0,0
2024-04-28 21:30:00,0,0
2024-04-28 22:00:00,0,0
2024-04-28 22:30:00,0,0
2024-04-28 23:00:00,0,0
2024-04-28 23:30:00,0,0
2024-04-29 00:00:00,0,0
2024-04-29 00:30:00,0,0
2024-04-29 01:00:00,0,0
2024-04-29 01:30:00,0,0
2024-04-29 02:00:00,0,0
2024-04-29 02:30:00,0,0
2024-04-29 03:00:00,0,0
2024-04-29 03:30:00,0,0
2024-04-29 04:00:00,0,0
2024-04-29 04:30:00,0,0
2024-04-29 05:00:00,0,0
2024-04-29 05:30:00,0,0
2024-04-29 06:00:00,0,0
2024-04-29 06:30:00,0,0
2024-04-29 07:00:00,0,0
2024-04-29 07:30:00,0,0
2024-04-29 08:00:00,0,0
2024-04-29 08:30:00,0,0
2024-04-29 09:00:00,0,0
2024-04-29 09:30:00,1,1
2024-04-29 10:00:00,28,29
2024-04-29 10:30:00,41,43
2024-04-29 11:00:00,40,42
2024-04-29 11:30:00,18,21
2024-04-29 12:00:00,11,14
2024-04-29 12:30:00,12,15
2024-04-29 13:00:00,10,13
2024-04-29 13:30:00,4,7
2024-04-29 14:00:00,11,14
2024-04-29 14:30:00,11,14
2024-04-29 15:00:00,6,9
2024-04-29 15:30:00,0,3
2024-04-29 16:00:00,0,3
2024-04-29 16:30:00,0,3
2024-04-29 17:00:00,-1,2
2024-04-29 17:30:00,-3,0
2024-04-29 18:00:00,-3,0
2024-04-29 18:30:00,-3,0
2024-04-29 19:00:00,-3,0
2024-04-29 19:30:00,-3,0
2024-04-29 20:00:00,-3,0
2024-04-29 20:30:00,-3,0
2024-04-29 21:00:00,-3,0
2024-04-29 21:30:00,-3,0
2024-04-29 22:00:00,-3,0
2024-04-29 22:30:00,-3,0
2024-04-29 23:00:00,-3,0
2024-04-29 23:30:00,-3,0
2024-04-30 00:00:00,-3,0
2024-04-30 00:30:00,0,0
2024-04-30 01:00:00,0,0
2024-04-30 01:30:00,0,0
2024-04-30 02:00:00,0,0
2024-04-30 02:30:00,0,0
2024-04-30 03:00:00,0,0
2024-04-30 03:30:00,0,0
2024-04-30 04:00:00,0,0
2024-04-30 04:30:00,0,0
2024-04-30 05:00:00,0,0
2024-04-30 05:30:00,0,0
2024-04-30 06:00:00,0,0
2024-04-30 06:30:00,0,0
2024-04-30 07:00:00,0,0
2024-04-30 07:30:00,0,0
2024-04-30 08:00:00,5,6
2024-04-30 08:30:00,19,22
2024-04-30 09:00:00,19,22
2024-04-30 09:30:00,15,19
2024-04-30 10:00:00,14,18
2024-04-30 10:30:00,18,23
2024-04-30 11:00:00,18,23
2024-04-30 11:30:00,15,20
2024-04-30 12:00:00,13,18
2024-04-30 12:30:00,12,17
2024-04-30 13:00:00,11,16
2024-04-30 13:30:00,11,16
2024-04-30 14:00:00,14,19
2024-04-30 14:30:00,14,19
2024-04-30 15:00:00,11,16
2024-04-30 15:30:00,16,22
2024-04-30 16:00:00,17,23
2024-04-30 16:30:00,16,22
2024-04-30 17:00:00,5,13
2024-04-30 17:30:00,-10,0
2024-04-30 18:00:00,-10,0
2024-04-30 18:30:00,-10,0
2024-04-30 19:00:00,-10,0
2024-04-30 19:30:00,-10,0
2024-04-30 20:00:00,-10,0
2024-04-30 20:30:00,-10,0
2024-04-30 21:00:00,-10,0
2024-04-30 21:30:00,-10,0
2024-04-30 22:00:00,-10,0
2024-04-30 22:30:00,-10,0
2024-04-30 23:00:00,-10,0
2024-04-30 23:30:00,-10,0
2024-05-01 00:00:00,-10,0
2024-05-01 00:30:00,0,0
2024-05-01 01:00:00,0,0
2024-05-01 01:30:00,0,0
2024-05-01 02:00:00,0,0
2024-05-01 02:30:00,0,0
2024-05-01 03:00:00,0,0
2024-05-01 03:30:00,0,0
2024-05-01 04:00:00,0,0
2024-05-01 04:30:00,0,0
2024-05-01 05:00:00,0,0
2024-05-01 05:30:00,0,0
2024-05-01 06:00:00,0,0
2024-05-01 06:30:00,0,0
2024-05-01 07:00:00,0,0
2024-05-01 07:30:00,0,0
2024-05-01 08:00:00,0,0
2024-05-01 08:30:00,0,0
2024-05-01 09:00:00,0,0
2024-05-01 09:30:00,0,0
2024-05-01 10:00:00,0,0
2024-05-01 10:30:00,0,0
2024-05-01 11:00:00,0,0
2024-05-01 11:30:00,0,0
2024-05-01 12:00:00,0,0
2024-05-01 12:30:00,0,0
2024-05-01 13:00:00,0,0
2024-05-01 13:30:00,0,0
2024-05-01 14:00:00,0,0
2024-05-01 14:30:00,0,0
2024-05-01 15:00:00,0,0
2024-05-01 15:30:00,0,0
2024-05-01 16:00:00,0,0
2024-05-01 16:30:00,0,0
2024-05-01 17:00:00,0,0
2024-05-01 17:30:00,0,0
2024-05-01 18:00:00,0,0
2024-05-01 18:30:00,0,0
2024-05-01 19:00:00,0,0
2024-05-01 19:30:00,0,0
2024-05-01 20:00:00,0,0
2024-05-01 20:30:00,0,0
2024-05-01 21:00:00,0,0
2024-05-01 21:30:00,0,0
2024-05-01 22:00:00,0,0
2024-05-01 22:30:00,0,0
2024-05-01 23:00:00,0,0
2024-05-01 23:30:00,0,0
2024-05-02 00:00:00,0,0
2024-05-02 00:30:00,0,0
2024-05-02 01:00:00,0,0
2024-05-02 01:30:00,0,0
2024-05-02 02:00:00,0,0
2024-05-02 02:30:00,0,0
2024-05-02 03:00:00,0,0
2024-05-02 03:30:00,0,0
2024-05-02 04:00:00,0,0
2024-05-02 04:30:00,0,0
2024-05-02 05:00:00,0,0
2024-05-02 05:30:00,0,0
2024-05-02 06:00:00,0,0
2024-05-02 06:30:00,0,0
2024-05-02 07:00:00,0,0
2024-05-02 07:30:00,0,0
2024-05-02 08:00:00,2,2
2024-05-02 08:30:00,14,15
2024-05-02 09:00:00,14,15
2024-05-02 09:30:00,14,15
2024-05-02 10:00:00,8,9
2024-05-02 10:30:00,12,13
2024-05-02 11:00:00,12,13
2024-05-02 11:30:00,7,8
2024-05-02 12:00:00,-1,0
2024-05-02 12:30:00,0,1
2024-05-02 13:00:00,13,14
2024-05-02 13:30:00,36,38
2024-05-02 14:00:00,44,46
2024-05-02 14:30:00,29,31
2024-05-02 15:00:00,26,28
2024-05-02 15:30:00,25,27
2024-05-02 16:00:00,25,27
2024-05-02 16:30:00,24,26
2024-05-02 17:00:00,6,8
2024-05-02 17:30:00,-2,0
2024-05-02 18:00:00,-2,0
2024-05-02 18:30:00,-2,0
2024-05-02 19:00:00,-2,0
2024-05-02 19:30:00,-2,0
2024-05-02 20:00:00,-2,0
2024-05-02 20:30:00,-2,0
2024-05-02 21:00:00,-2,0
2024-05-02 21:30:00,-2,0
2024-05-02 22:00:00,-2,0
2024-05-02 22:30:00,-2,0
2024-05-02 23:00:00,-2,0
2024-05-02 23:30:00,-2,0
2024-05-03 00:00:00,-2,0
2024-05-03 00:30:00,0,0
2024-05-03 01:00:00,0,0
2024-05-03 01:30:00,0,0
2024-05-03 02:00:00,0,0
2024-05-03 02:30:00,0,0
2024-05-03 03:00:00,0,0
2024-05-03 03:30:00,0,0
2024-05-03 04:00:00,0,0
2024-05-03 04:30:00,0,0
2024-05-03 05:00:00,0,0
2024-05-03 05:30:00,0,0
2024-05-03 06:00:00,0,0
2024-05-03 06:30:00,0,0
2024-05-03 07:00:00,0,0
2024-05-03 07:30:00,0,0
2024-05-03 08:00:00,4,4
2024-05-03 08:30:00,25,25
2024-05-03 09:00:00,27,27
2024-05-03 09:30:00,27,27
2024-05-03 10:00:00,4,5
2024-05-03 10:30:00,0,1
2024-05-03 11:00:00,0,1
2024-05-03 11:30:00,0,1
2024-05-03 12:00:00,0,1
2024-05-03 12:30:00,0,1
2024-05-03 13:00:00,0,1
2024-05-03 13:30:00,0,1
2024-05-03 14:00:00,0,1
2024-05-03 14:30:00,0,1
2024-05-03 15:00:00,0,1
2024-05-03 15:30:00,0,1
2024-05-03 16:00:00,0,1
2024-05-03 16:30:00,0,1
2024-05-03 17:00:00,0,1
2024-05-03 17:30:00,0,1
2024-05-03 18:00:00,-1,0
2024-05-03 18:30:00,-1,0
2024-05-03 19:00:00,-1,0
2024-05-03 19:30:00,0,0
2024-05-03 20:00:00,0,0
2024-05-03 20:30:00,0,0
2024-05-03 21:00:00,0,0
2024-05-03 21:30:00,0,0
2024-05-03 22:00:00,0,0
2024-05-03 22:30:00,0,0
2024-05-03 23:00:00,0,0
2024-05-03 23:30:00,0,0
2024-05-04 00:00:00,0,0
2024-05-04 00:30:00,0,0
2024-05-04 01:00:00,0,0
2024-05-04 01:30:00,0,0
2024-05-04 02:00:00,0,0
2024-05-04 02:30:00,0,0
2024-05-04 03:00:00,0,0
2024-05-04 03:30:00,0,0
2024-05-04 04:00:00,0,0
2024-05-04 04:30:00,0,0
2024-05-04 05:00:00,0,0
2024-05-04 05:30:00,0,0
2024-05-04 06:00:00,0,0
2024-05-04 06:30:00,0,0
2024-05-04 07:00:00,0,0
2024-05-04 07:30:00,0,0
2024-05-04 08:00:00,0,0
2024-05-04 08:30:00,0,0
2024-05-04 09:00:00,0,0
2024-05-04 09:30:00,0,0
2024-05-04 10:00:00,0,0
2024-05-04 10:30:00,0,0
2024-05-04 11:00:00,0,0
2024-05-04 11:30:00,0,0
2024-05-04 12:00:00,0,0
2024-05-04 12:30:00,0,0
2024-05-04 13:00:00,0,0
2024-05-04 13:30:00,0,0
2024-05-04 14:00:00,0,0
2024-05-04 14:30:00,0,0
2024-05-04 15:00:00,0,0
2024-05-04 15:30:00,0,0
2024-05-04 16:00:00,0,0
2024-05-04 16:30:00,0,0
2024-05-04 17:00:00,0,0
2024-05-04 17:30:00,0,0
2024-05-04 18:00:00,0,0
2024-05-04 18:30:00,0,0
2024-05-04 19:00:00,0,0
2024-05-04 19:30:00,0,0
2024-05-04 20:00:00,0,0
2024-05-04 20:30:00,0,0
2024-05-04 21:00:00,0,0
2024-05-04 21:30:00,0,0
2024-05-04 22:00:00,0,0
2024-05-04 22:30:00,0,0
2024-05-04 23:00:00,0,0
2024-05-04 23:30:00,0,0
2024-05-05 00:00:00,0,0
2024-05-05 00:30:00,0,0
2024-05-05 01:00:00,0,0
2024-05-05 01:30:00,0,0
2024-05-05 02:00:00,0,0
2024-05-05 02:30:00,0,0
2024-05-05 03:00:00,0,0
2024-05-05 03:30:00,0,0
2024-05-05 04:00:00,0,0
2024-05-05 04:30:00,0,0
2024-05-05 05:00:00,0,0
2024-05-05 05:30:00,0,0
2024-05-05 06:00:00,0,0
2024-05-05 06:30:00,0,0
2024-05-05 07:00:00,0,0
2024-05-05 07:30:00,0,0
2024-05-05 08:00:00,0,0
2024-05-05 08:30:00,0,0
2024-05-05 09:00:00,0,0
2024-05-05 09:30:00,0,0
2024-05-05 10:00:00,0,0
2024-05-05 10:30:00,0,0
2024-05-05 11:00:00,0,0
2024-05-05 11:30:00,0,0
2024-05-05 12:00:00,0,0
2024-05-05 12:30:00,0,0
2024-05-05 13:00:00,0,0
2024-05-05 13:30:00,0,0
2024-05-05 14:00:00,0,0
2024-05-05 14:30:00,0,0
2024-05-05 15:00:00,0,0
2024-05-05 15:30:00,0,0
2024-05-05 16:00:00,0,0
2024-05-05 16:30:00,0,0
2024-05-05 17:00:00,0,0
2024-05-05 17:30:00,0,0
2024-05-05 18:00:00,0,0
2024-05-05 18:30:00,0,0
2024-05-05 19:00:00,0,0
2024-05-05 19:30:00,0,0
2024-05-05 20:00:00,0,0
2024-05-05 20:30:00,0,0
2024-05-05 21:00:00,0,0
2024-05-05 21:30:00,0,0
2024-05-05 22:00:00,0,0
2024-05-05 22:30:00,0,0
2024-05-05 23:00:00,0,0
2024-05-05 23:30:00,0,0
2024-05-06 00:00:00,0,0
2024-05-06 00:30:00,0,0
2024-05-06 01:00:00,0,0
2024-05-06 01:30:00,0,0
2024-05-06 02:00:00,0,0
2024-05-06 02:30:00,0,0
2024-05-06 03:00:00,0,0
2024-05-06 03:30:00,0,0
2024-05-06 04:00:00,0,0
2024-05-06 04:30:00,0,0
2024-05-06 05:00:00,0,0
2024-05-06 05:30:00,0,0
2024-05-06 06:00:00,0,0
2024-05-06 06:30:00,0,0
2024-05-06 07:00:00,0,0
2024-05-06 07:30:00,0,0
2024-05-06 08:00:00,7,5
2024-05-06 08:30:00,51,37
2024-05-06 09:00:00,60,44
2024-05-06 09:30:00,58,41
2024-05-06 10:00:00,40,18
2024-05-06 10:30:00,51,26
2024-05-06 11:00:00,49,23
2024-05-06 11:30:00,37,8
2024-05-06 12:00:00,46,14
2024-05-06 12:30:00,46,14
2024-05-06 13:00:00,45,13
2024-05-06 13:30:00,52,18
2024-05-06 14:00:00,57,22
2024-05-06 14:30:00,58,23
2024-05-06 15:00:00,52,15
2024-05-06 15:30:00,44,5
2024-05-06 16:00:00,44,5
2024-05-06 16:30:00,41,1
2024-05-06 17:00:00,40,0
2024-05-06 17:30:00,40,0
2024-05-06 18:00:00,40,0
2024-05-06 18:30:00,40,0
2024-05-06 19:00:00,40,0
2024-05-06 19:30:00,40,0
2024-05-06 20:00:00,40,0
2024-05-06 20:30:00,40,0
2024-05-06 21:00:00,40,0
2024-05-06 21:30:00,40,0
2024-05-06 22:00:00,40,0
2024-05-06 22:30:00,40,0
2024-05-06 23:00:00,40,0
2024-05-06 23:30:00,40,0
2024-05-07 00:00:00,40,0
2024-05-07 00:30:00,0,0
2024-05-07 01:00:00,0,0
2024-05-07 01:30:00,0,0
2024-05-07 02:00:00,0,0
2024-05-07 02:30:00,0,0
2024-05-07 03:00:00,0,0
2024-05-07 03:30:00,0,0
2024-05-07 04:00:00,0,0
2024-05-07 04:30:00,0,0
2024-05-07 05:00:00,0,0
2024-05-07 05:30:00,0,0
2024-05-07 06:00:00,0,0
2024-05-07 06:30:00,0,0
2024-05-07 07:00:00,0,0
2024-05-07 07:30:00,0,0
2024-05-07 08:00:00,2,2
2024-05-07 08:30:00,23,22
2024-05-07 09:00:00,24,23
2024-05-07 09:30:00,14,13
2024-05-07 10:00:00,13,12
2024-05-07 10:30:00,17,16
2024-05-07 11:00:00,18,17
2024-05-07 11:30:00,14,13
2024-05-07 12:00:00,24,23
2024-05-07 12:30:00,23,22
2024-05-07 13:00:00,19,18
2024-05-07 13:30:00,18,17
2024-05-07 14:00:00,20,19
2024-05-07 14:30:00,20,19
2024-05-07 15:00:00,10,9
2024-05-07 15:30:00,1,0
2024-05-07 16:00:00,1,0
2024-05-07 16:30:00,1,0
2024-05-07 17:00:00,1,0
2024-05-07 17:30:00,1,0
2024-05-07 18:00:00,1,0
2024-05-07 18:30:00,1,0
2024-05-07 19:00:00,1,0
2024-05-07 19:30:00,1,0
2024-05-07 20:00:00,1,0
2024-05-07 20:30:00,1,0
2024-05-07 21:00:00,1,0
2024-05-07 21:30:00,1,0
2024-05-07 22:00:00,1,0
2024-05-07 22:30:00,1,0
2024-05-07 23:00:00,1,0
2024-05-07 23:30:00,1,0
2024-05-08 00:00:00,1,0
2024-05-08 00:30:00,0,0
2024-05-08 01:00:00,0,0
2024-05-08 01:30:00,0,0
2024-05-08 02:00:00,0,0
2024-05-08 02:30:00,0,0
2024-05-08 03:00:00,0,0
2024-05-08 03:30:00,0,0
2024-05-08 04:00:00,0,0
2024-05-08 04:30:00,0,0
2024-05-08 05:00:00,0,0
2024-05-08 05:30:00,0,0
2024-05-08 06:00:00,0,0
2024-05-08 06:30:00,0,0
2024-05-08 07:00:00,0,0
2024-05-08 07:30:00,0,0
2024-05-08 08:00:00,0,0
2024-05-08 08:30:00,0,0
2024-05-08 09:00:00,0,0
2024-05-08 09:30:00,0,0
2024-05-08 10:00:00,15,14
2024-05-08 10:30:00,23,21
2024-05-08 11:00:00,23,21
2024-05-08 11:30:00,19,17
2024-05-08 12:00:00,34,31
2024-05-08 12:30:00,35,32
2024-05-08 13:00:00,28,24
2024-05-08 13:30:00,33,29
2024-05-08 14:00:00,32,28
2024-05-08 14:30:00,38,34
2024-05-08 15:00:00,27,22
2024-05-08 15:30:00,7,0
2024-05-08 16:00:00,7,0
2024-05-08 16:30:00,7,0
2024-05-08 17:00:00,7,0
2024-05-08 17:30:00,7,0
2024-05-08 18:00:00,7,0
2024-05-08 18:30:00,7,0
2024-05-08 19:00:00,7,0
2024-05-08 19:30:00,7,0
2024-05-08 20:00:00,7,0
2024-05-08 20:30:00,7,0
2024-05-08 21:00:00,7,0
2024-05-08 21:30:00,7,0
2024-05-08 22:00:00,7,0
2024-05-08 22:30:00,7,0
2024-05-08 23:00:00,7,0
2024-05-08 23:30:00,7,0
2024-05-09 00:00:00,7,0
2024-05-09 00:30:00,0,0
2024-05-09 01:00:00,0,0
2024-05-09 01:30:00,0,0
2024-05-09 02:00:00,0,0
2024-05-09 02:30:00,0,0
2024-05-09 03:00:00,0,0
2024-05-09 03:30:00,0,0
2024-05-09 04:00:00,0,0
2024-05-09 04:30:00,0,0
2024-05-09 05:00:00,0,0
2024-05-09 05:30:00,0,0
2024-05-09 06:00:00,0,0
2024-05-09 06:30:00,0,0
2024-05-09 07:00:00,0,0
2024-05-09 07:30:00,0,0
2024-05-09 08:00:00,0,0
2024-05-09 08:30:00,0,0
2024-05-09 09:00:00,0,0
2024-05-09 09:30:00,0,0
2024-05-09 10:00:00,0,0
2024-05-09 10:30:00,0,0
2024-05-09 11:00:00,0,0
2024-05-09 11:30:00,0,0
2024-05-09 12:00:00,0,0
2024-05-09 12:30:00,0,0
2024-05-09 13:00:00,0,0
2024-05-09 13:30:00,0,0
2024-05-09 14:00:00,0,0
2024-05-09 14:30:00,0,0
2024-05-09 15:00:00,0,0
2024-05-09 15:30:00,0,0
2024-05-09 16:00:00,0,0
2024-05-09 16:30:00,0,0
2024-05-09 17:00:00,0,0
2024-05-09 17:30:00,0,0
2024-05-09 18:00:00,0,0
2024-05-09 18:30:00,0,0
2024-05-09 19:00:00,0,0
2024-05-09 19:30:00,0,0
2024-05-09 20:00:00,0,0
2024-05-09 20:30:00,0,0
2024-05-09 21:00:00,0,0
2024-05-09 21:30:00,0,0
2024-05-09 22:00:00,0,0
2024-05-09 22:30:00,0,0
2024-05-09 23:00:00,0,0
2024-05-09 23:30:00,0,0
2024-05-10 00:00:00,0,0
2024-05-10 00:30:00,0,0
2024-05-10 01:00:00,0,0
2024-05-10 01:30:00,0,0
2024-05-10 02:00:00,0,0
2024-05-10 02:30:00,0,0
2024-05-10 03:00:00,0,0
2024-05-10 03:30:00,0,0
2024-05-10 04:00:00,0,0
2024-05-10 04:30:00,0,0
2024-05-10 05:00:00,0,0
2024-05-10 05:30:00,0,0
2024-05-10 06:00:00,0,0
2024-05-10 06:30:00,0,0
2024-05-10 07:00:00,0,0
2024-05-10 07:30:00,0,0
2024-05-10 08:00:00,0,0
2024-05-10 08:30:00,0,0
2024-05-10 09:00:00,0,0
2024-05-10 09:30:00,0,0
2024-05-10 10:00:00,0,0
2024-05-10 10:30:00,0,0
2024-05-10 11:00:00,0,0
2024-05-10 11:30:00,0,0
2024-05-10 12:00:00,0,0
2024-05-10 12:30:00,0,0
2024-05-10 13:00:00,0,0
2024-05-10 13:30:00,0,0
2024-05-10 14:00:00,0,0
2024-05-10 14:30:00,0,0
2024-05-10 15:00:00,0,0
2024-05-10 15:30:00,0,0
2024-05-10 16:00:00,0,0
2024-05-10 16:30:00,0,0
2024-05-10 17:00:00,0,0
2024-05-10 17:30:00,0,0
2024-05-10 18:00:00,0,0
2024-05-10 18:30:00,0,0
2024-05-10 19:00:00,0,0
2024-05-10 19:30:00,0,0
2024-05-10 20:00:00,0,0
2024-05-10 20:30:00,0,0
2024-05-10 21:00:00,0,0
2024-05-10 21:30:00,0,0
2024-05-10 22:00:00,0,0
2024-05-10 22:30:00,0,0
2024-05-10 23:00:00,0,0
2024-05-10 23:30:00,0,0
2024-05-11 00:00:00,0,0
2024-05-11 00:30:00,0,0
2024-05-11 01:00:00,0,0
2024-05-11 01:30:00,0,0
2024-05-11 02:00:00,0,0
2024-05-11 02:30:00,0,0
2024-05-11 03:00:00,0,0
2024-05-11 03:30:00,0,0
2024-05-11 04:00:00,0,0
2024-05-11 04:30:00,0,0
2024-05-11 05:00:00,0,0
2024-05-11 05:30:00,0,0
2024-05-11 06:00:00,0,0
2024-05-11 06:30:00,0,0
2024-05-11 07:00:00,0,0
2024-05-11 07:30:00,0,0
2024-05-11 08:00:00,0,0
2024-05-11 08:30:00,0,0
2024-05-11 09:00:00,0,0
2024-05-11 09:30:00,0,0
2024-05-11 10:00:00,0,0
2024-05-11 10:30:00,0,0
2024-05-11 11:00:00,0,0
2024-05-11 11:30:00,0,0
2024-05-11 12:00:00,0,0
2024-05-11 12:30:00,0,0
2024-05-11 13:00:00,0,0
2024-05-11 13:30:00,0,0
2024-05-11 14:00:00,0,0
2024-05-11 14:30:00,0,0
2024-05-11 15:00:00,0,0
2024-05-11 15:30:00,0,0
2024-05-11 16:00:00,0,0
2024-05-11 16:30:00,0,0
2024-05-11 17:00:00,0,0
2024-05-11 17:30:00,0,0
2024-05-11 18:00:00,0,0
2024-05-11 18:30:00,0,0
2024-05-11 19:00:00,0,0
2024-05-11 19:30:00,0,0
2024-05-11 20:00:00,0,0
2024-05-11 20:30:00,0,0
2024-05-11 21:00:00,0,0
2024-05-11 21:30:00,0,0
2024-05-11 22:00:00,0,0
2024-05-11 22:30:00,0,0
2024-05-11 23:00:00,0,0
2024-05-11 23:30:00,0,0
2024-05-12 00:00:00,0,0
2024-05-12 00:30:00,0,0
2024-05-12 01:00:00,0,0
2024-05-12 01:30:00,0,0
2024-05-12 02:00:00,0,0
2024-05-12 02:30:00,0,0
2024-05-12 03:00:00,0,0
2024-05-12 03:30:00,0,0
2024-05-12 04:00:00,0,0
2024-05-12 04:30:00,0,0
2024-05-12 05:00:00,0,0
2024-05-12 05:30:00,0,0
2024-05-12 06:00:00,0,0
2024-05-12 06:30:00,0,0
2024-05-12 07:00:00,0,0
2024-05-12 07:30:00,0,0
2024-05-12 08:00:00,0,0
2024-05-12 08:30:00,0,0
2024-05-12 09:00:00,0,0
2024-05-12 09:30:00,0,0
2024-05-12 10:00:00,0,0
2024-05-12 10:30:00,0,0
2024-05-12 11:00:00,0,0
2024-05-12 11:30:00,0,0
2024-05-12 12:00:00,0,0
2024-05-12 12:30:00,0,0
2024-05-12 13:00:00,0,0
2024-05-12 13:30:00,0,0
2024-05-12 14:00:00,0,0
2024-05-12 14:30:00,0,0
2024-05-12 15:00:00,0,0
2024-05-12 15:30:00,0,0
2024-05-12 16:00:00,0,0
2024-05-12 16:30:00,0,0
2024-05-12 17:00:00,0,0
2024-05-12 17:30:00,0,0
2024-05-12 18:00:00,0,0
2024-05-12 18:30:00,0,0
2024-05-12 19:00:00,0,0
2024-05-12 19:30:00,0,0
2024-05-12 20:00:00,0,0
2024-05-12 20:30:00,0,0
2024-05-12 21:00:00,0,0
2024-05-12 21:30:00,0,0
2024-05-12 22:00:00,0,0
2024-05-12 22:30:00,0,0
2024-05-12 23:00:00,0,0
2024-05-12 23:30:00,0,0
2024-05-13 00:00:00,0,0
2024-05-13 00:30:00,0,0
2024-05-13 01:00:00,0,0
2024-05-13 01:30:00,0,0
2024-05-13 02:00:00,0,0
2024-05-13 02:30:00,0,0
2024-05-13 03:00:00,0,0
2024-05-13 03:30:00,0,0
2024-05-13 04:00:00,0,0
2024-05-13 04:30:00,0,0
2024-05-13 05:00:00,0,0
2024-05-13 05:30:00,0,0
2024-05-13 06:00:00,0,0
2024-05-13 06:30:00,0,0
2024-05-13 07:00:00,0,0
2024-05-13 07:30:00,0,0
2024-05-13 08:00:00,0,0
2024-05-13 08:30:00,1,1
2024-05-13 09:00:00,1,1
2024-05-13 09:30:00,0,0
2024-05-13 10:00:00,18,18
2024-05-13 10:30:00,25,25
2024-05-13 11:00:00,25,25
2024-05-13 11:30:00,5,5
2024-05-13 12:00:00,7,7
2024-05-13 12:30:00,7,7
2024-05-13 13:00:00,8,8
2024-05-13 13:30:00,3,3
2024-05-13 14:00:00,4,4
2024-05-13 14:30:00,4,4
2024-05-13 15:00:00,6,6
2024-05-13 15:30:00,2,2
2024-05-13 16:00:00,2,2
2024-05-13 16:30:00,2,2
2024-05-13 17:00:00,2,2
2024-05-13 17:30:00,3,3
2024-05-13 18:00:00,4,4
2024-05-13 18:30:00,2,2
2024-05-13 19:00:00,0,0
2024-05-13 19:30:00,0,0
2024-05-13 20:00:00,0,0
2024-05-13 20:30:00,0,0
2024-05-13 21:00:00,0,0
2024-05-13 21:30:00,0,0
2024-05-13 22:00:00,0,0
2024-05-13 22:30:00,0,0
2024-05-13 23:00:00,0,0
2024-05-13 23:30:00,0,0
2024-05-14 00:00:00,0,0
2024-05-14 00:30:00,0,0
2024-05-14 01:00:00,0,0
2024-05-14 01:30:00,0,0
2024-05-14 02:00:00,0,0
2024-05-14 02:30:00,0,0
2024-05-14 03:00:00,0,0
2024-05-14 03:30:00,0,0
2024-05-14 04:00:00,0,0
2024-05-14 04:30:00,0,0
2024-05-14 05:00:00,0,0
2024-05-14 05:30:00,0,0
2024-05-14 06:00:00,0,0
2024-05-14 06:30:00,0,0
2024-05-14 07:00:00,0,0
2024-05-14 07:30:00,0,0
2024-05-14 08:00:00,4,4
2024-05-14 08:30:00,21,22
2024-05-14 09:00:00,22,23
2024-05-14 09:30:00,19,20
2024-05-14 10:00:00,11,13
2024-05-14 10:30:00,16,18
2024-05-14 11:00:00,16,18
2024-05-14 11:30:00,13,15
2024-05-14 12:00:00,14,16
2024-05-14 12:30:00,14,16
2024-05-14 13:00:00,13,15
2024-05-14 13:30:00,13,15
2024-05-14 14:00:00,15,17
2024-05-14 14:30:00,14,16
2024-05-14 15:00:00,13,15
2024-05-14 15:30:00,16,18
2024-05-14 16:00:00,15,17
2024-05-14 16:30:00,13,15
2024-05-14 17:00:00,6,9
2024-05-14 17:30:00,-4,0
2024-05-14 18:00:00,-4,0
2024-05-14 18:30:00,-4,0
2024-05-14 19:00:00,-4,0
2024-05-14 19:30:00,-4,0
2024-05-14 20:00:00,-4,0
2024-05-14 20:30:00,-4,0
2024-05-14 21:00:00,-4,0
2024-05-14 21:30:00,-4,0
2024-05-14 22:00:00,-4,0
2024-05-14 22:30:00,-4,0
2024-05-14 23:00:00,-4,0
2024-05-14 23:30:00,-4,0
2024-05-15 00:00:00,-4,0
2024-05-15 00:30:00,0,0
2024-05-15 01:00:00,0,0
2024-05-15 01:30:00,0,0
2024-05-15 02:00:00,0,0
2024-05-15 02:30:00,0,0
2024-05-15 03:00:00,0,0
2024-05-15 03:30:00,0,0
2024-05-15 04:00:00,0,0
2024-05-15 04:30:00,0,0
2024-05-15 05:00:00,0,0
2024-05-15 05:30:00,0,0
2024-05-15 06:00:00,0,0
2024-05-15 06:30:00,0,0
2024-05-15 07:00:00,0,0
2024-05-15 07:30:00,0,0
2024-05-15 08:00:00,7,8
2024-05-15 08:30:00,20,22
2024-05-15 09:00:00,23,25
2024-05-15 09:30:00,21,23
2024-05-15 10:00:00,9,12
2024-05-15 10:30:00,18,22
2024-05-15 11:00:00,17,21
2024-05-15 11:30:00,11,15
2024-05-15 12:00:00,18,23
2024-05-15 12:30:00,22,27
2024-05-15 13:00:00,15,21
2024-05-15 13:30:00,14,20
2024-05-15 14:00:00,2,9
2024-05-15 14:30:00,-4,4
2024-05-15 15:00:00,10,19
2024-05-15 15:30:00,15,24
2024-05-15 16:00:00,14,23
2024-05-15 16:30:00,14,23
2024-05-15 17:00:00,2,12
2024-05-15 17:30:00,-11,0
2024-05-15 18:00:00,-11,0
2024-05-15 18:30:00,-11,0
2024-05-15 19:00:00,-11,0
2024-05-15 19:30:00,-10,0
2024-05-15 20:00:00,-9,0
2024-05-15 20:30:00,-9,0
2024-05-15 21:00:00,-9,0
2024-05-15 21:30:00,-9,0
2024-05-15 22:00:00,-9,0
2024-05-15 22:30:00,-9,0
2024-05-15 23:00:00,-9,0
2024-05-15 23:30:00,-9,0
2024-05-16 00:00:00,-9,0
2024-05-16 00:30:00,0,0
2024-05-16 01:00:00,0,0
2024-05-16 01:30:00,0,0
2024-05-16 02:00:00,0,0
2024-05-16 02:30:00,0,0
2024-05-16 03:00:00,0,0
2024-05-16 03:30:00,0,0
2024-05-16 04:00:00,0,0
2024-05-16 04:30:00,0,0
2024-05-16 05:00:00,0,0
2024-05-16 05:30:00,0,0
2024-05-16 06:00:00,0,0
2024-05-16 06:30:00,0,0
2024-05-16 07:00:00,0,0
2024-05-16 07:30:00,1,0
2024-05-16 08:00:00,3,2
2024-05-16 08:30:00,19,19
2024-05-16 09:00:00,20,20
2024-05-16 09:30:00,20,20
2024-05-16 10:00:00,10,11
2024-05-16 10:30:00,15,16
2024-05-16 11:00:00,15,16
2024-05-16 11:30:00,9,10
2024-05-16 12:00:00,2,4
2024-05-16 12:30:00,-1,1
2024-05-16 13:00:00,3,5
2024-05-16 13:30:00,23,27
2024-05-16 14:00:00,36,41
2024-05-16 14:30:00,17,24
2024-05-16 15:00:00,12,19
2024-05-16 15:30:00,24,32
2024-05-16 16:00:00,26,34
2024-05-16 16:30:00,22,30
2024-05-16 17:00:00,3,13
2024-05-16 17:30:00,13,24
2024-05-16 18:00:00,11,22
2024-05-16 18:30:00,7,18
2024-05-16 19:00:00,-12,0
2024-05-16 19:30:00,-12,0
2024-05-16 20:00:00,-12,0
2024-05-16 20:30:00,-12,0
2024-05-16 21:00:00,-12,0
2024-05-16 21:30:00,-12,0
2024-05-16 22:00:00,-12,0
2024-05-16 22:30:00,-12,0
2024-05-16 23:00:00,-12,0
2024-05-16 23:30:00,-12,0
2024-05-17 00:00:00,-12,0
2024-05-17 00:30:00,0,0
2024-05-17 01:00:00,0,0
2024-05-17 01:30:00,0,0
2024-05-17 02:00:00,0,0
2024-05-17 02:30:00,0,0
2024-05-17 03:00:00,0,0
2024-05-17 03:30:00,0,0
2024-05-17 04:00:00,0,0
2024-05-17 04:30:00,0,0
2024-05-17 05:00:00,0,0
2024-05-17 05:30:00,0,0
2024-05-17 06:00:00,0,0
2024-05-17 06:30:00,0,0
2024-05-17 07:00:00,0,0
2024-05-17 07:30:00,0,0
2024-05-17 08:00:00,0,0
2024-05-17 08:30:00,0,0
2024-05-17 09:00:00,0,0
2024-05-17 09:30:00,0,0
2024-05-17 10:00:00,0,0
2024-05-17 10:30:00,0,0
2024-05-17 11:00:00,0,0
2024-05-17 11:30:00,0,0
2024-05-17 12:00:00,0,0
2024-05-17 12:30:00,0,0
2024-05-17 13:00:00,0,0
2024-05-17 13:30:00,0,0
2024-05-17 14:00:00,0,0
2024-05-17 14:30:00,0,0
2024-05-17 15:00:00,0,0
2024-05-17 15:30:00,0,0
2024-05-17 16:00:00,0,0
2024-05-17 16:30:00,0,0
2024-05-17 17:00:00,0,0
2024-05-17 17:30:00,0,0
2024-05-17 18:00:00,0,0
2024-05-17 18:30:00,0,0
2024-05-17 19:00:00,0,0
2024-05-17 19:30:00,0,0
2024-05-17 20:00:00,1,0
2024-05-17 20:30:00,1,0
2024-05-17 21:00:00,1,0
2024-05-17 21:30:00,1,0
2024-05-17 22:00:00,1,0
2024-05-17 22:30:00,1,0
2024-05-17 23:00:00,1,0
2024-05-17 23:30:00,1,0
2024-05-18 00:00:00,1,0
2024-05-18 00:30:00,0,0
2024-05-18 01:00:00,0,0
2024-05-18 01:30:00,0,0
2024-05-18 02:00:00,0,0
2024-05-18 02:30:00,0,0
2024-05-18 03:00:00,0,0
2024-05-18 03:30:00,0,0
2024-05-18 04:00:00,0,0
2024-05-18 04:30:00,0,0
2024-05-18 05:00:00,0,0
2024-05-18 05:30:00,0,0
2024-05-18 06:00:00,0,0
2024-05-18 06:30:00,0,0
2024-05-18 07:00:00,0,0
2024-05-18 07:30:00,0,0
2024-05-18 08:00:00,0,0
2024-05-18 08:30:00,0,0
2024-05-18 09:00:00,0,0
2024-05-18 09:30:00,0,0
2024-05-18 10:00:00,0,0
2024-05-18 10:30:00,0,0
2024-05-18 11:00:00,0,0
2024-05-18 11:30:00,0,0
2024-05-18 12:00:00,0,0
2024-05-18 12:30:00,0,0
2024-05-18 13:00:00,0,0
2024-05-18 13:30:00,0,0
2024-05-18 14:00:00,0,0
2024-05-18 14:30:00,0,0
2024-05-18 15:00:00,0,0
2024-05-18 15:30:00,0,0
2024-05-18 16:00:00,0,0
2024-05-18 16:30:00,0,0
2024-05-18 17:00:00,0,0
2024-05-18 17:30:00,0,0
2024-05-18 18:00:00,0,0
2024-05-18 18:30:00,0,0
2024-05-18 19:00:00,0,0
2024-05-18 19:30:00,0,0
2024-05-18 20:00:00,0,0
2024-05-18 20:30:00,0,0
2024-05-18 21:00:00,0,0
2024-05-18 21:30:00,0,0
2024-05-18 22:00:00,0,0
2024-05-18 22:30:00,0,0
2024-05-18 23:00:00,0,0
2024-05-18 23:30:00,0,0
2024-05-19 00:00:00,0,0
2024-05-19 00:30:00,0,0
2024-05-19 01:00:00,0,0
2024-05-19 01:30:00,0,0
2024-05-19 02:00:00,0,0
2024-05-19 02:30:00,0,0
2024-05-19 03:00:00,0,0
2024-05-19 03:30:00,0,0
2024-05-19 04:00:00,0,0
2024-05-19 04:30:00,0,0
2024-05-19 05:00:00,0,0
2024-05-19 05:30:00,0,0
2024-05-19 06:00:00,0,0
2024-05-19 06:30:00,0,0
2024-05-19 07:00:00,0,0
2024-05-19 07:30:00,0,0
2024-05-19 08:00:00,0,0
2024-05-19 08:30:00,0,0
2024-05-19 09:00:00,0,0
2024-05-19 09:30:00,0,0
2024-05-19 10:00:00,0,0
2024-05-19 10:30:00,0,0
2024-05-19 11:00:00,0,0
2024-05-19 11:30:00,0,0
2024-05-19 12:00:00,0,0
2024-05-19 12:30:00,0,0
2024-05-19 13:00:00,0,0
2024-05-19 13:30:00,0,0
2024-05-19 14:00:00,0,0
2024-05-19 14:30:00,0,0
2024-05-19 15:00:00,0,0
2024-05-19 15:30:00,0,0
2024-05-19 16:00:00,0,0
2024-05-19 16:30:00,0,0
2024-05-19 17:00:00,0,0
2024-05-19 17:30:00,0,0
2024-05-19 18:00:00,0,0
2024-05-19 18:30:00,0,0
2024-05-19 19:00:00,0,0
2024-05-19 19:30:00,0,0
2024-05-19 20:00:00,0,0
2024-05-19 20:30:00,0,0
2024-05-19 21:00:00,0,0
2024-05-19 21:30:00,0,0
2024-05-19 22:00:00,0,0
2024-05-19 22:30:00,0,0
2024-05-19 23:00:00,0,0
2024-05-19 23:30:00,0,0
2024-05-20 00:00:00,0,0
2024-05-20 00:30:00,0,0
2024-05-20 01:00:00,0,0
2024-05-20 01:30:00,0,0
2024-05-20 02:00:00,0,0
2024-05-20 02:30:00,0,0
2024-05-20 03:00:00,0,0
2024-05-20 03:30:00,0,0
2024-05-20 04:00:00,0,0
2024-05-20 04:30:00,0,0
2024-05-20 05:00:00,0,0
2024-05-20 05:30:00,0,0
2024-05-20 06:00:00,0,0
2024-05-20 06:30:00,0,0
2024-05-20 07:00:00,0,0
2024-05-20 07:30:00,0,0
2024-05-20 08:00:00,0,0
2024-05-20 08:30:00,0,0
2024-05-20 09:00:00,0,0
2024-05-20 09:30:00,0,0
2024-05-20 10:00:00,0,0
2024-05-20 10:30:00,0,0
2024-05-20 11:00:00,0,0
2024-05-20 11:30:00,0,0
2024-05-20 12:00:00,0,0
2024-05-20 12:30:00,0,0
2024-05-20 13:00:00,0,0
2024-05-20 13:30:00,0,0
2024-05-20 14:00:00,0,0
2024-05-20 14:30:00,0,0
2024-05-20 15:00:00,0,0
2024-05-20 15:30:00,0,0
2024-05-20 16:00:00,0,0
2024-05-20 16:30:00,0,0
2024-05-20 17:00:00,0,0
2024-05-20 17:30:00,0,0
2024-05-20 18:00:00,0,0
2024-05-20 18:30:00,0,0
2024-05-20 19:00:00,0,0
2024-05-20 19:30:00,0,0
2024-05-20 20:00:00,0,0
2024-05-20 20:30:00,0,0
2024-05-20 21:00:00,0,0
2024-05-20 21:30:00,0,0
2024-05-20 22:00:00,0,0
2024-05-20 22:30:00,0,0
2024-05-20 23:00:00,0,0
2024-05-20 23:30:00,0,0
2024-05-21 00:00:00,0,0
2024-05-21 00:30:00,0,0
2024-05-21 01:00:00,0,0
2024-05-21 01:30:00,0,0
2024-05-21 02:00:00,0,0
2024-05-21 02:30:00,0,0
2024-05-21 03:00:00,0,0
2024-05-21 03:30:00,0,0
2024-05-21 04:00:00,0,0
2024-05-21 04:30:00,0,0
2024-05-21 05:00:00,0,0
2024-05-21 05:30:00,0,0
2024-05-21 06:00:00,0,0
2024-05-21 06:30:00,0,0
2024-05-21 07:00:00,0,0
2024-05-21 07:30:00,0,0
2024-05-21 08:00:00,0,0
2024-05-21 08:30:00,0,0
2024-05-21 09:00:00,0,0
2024-05-21 09:30:00,0,0
2024-05-21 10:00:00,0,0
2024-05-21 10:30:00,0,0
2024-05-21 11:00:00,0,0
2024-05-21 11:30:00,0,0
2024-05-21 12:00:00,0,0
2024-05-21 12:30:00,0,0
2024-05-21 13:00:00,0,0
2024-05-21 13:30:00,0,0
2024-05-21 14:00:00,0,0
2024-05-21 14:30:00,0,0
2024-05-21 15:00:00,0,0
2024-05-21 15:30:00,0,0
2024-05-21 16:00:00,0,0
2024-05-21 16:30:00,0,0
2024-05-21 17:00:00,0,0
2024-05-21 17:30:00,0,0
2024-05-21 18:00:00,0,0
2024-05-21 18:30:00,0,0
2024-05-21 19:00:00,0,0
2024-05-21 19:30:00,0,0
2024-05-21 20:00:00,0,0
2024-05-21 20:30:00,0,0
2024-05-21 21:00:00,0,0
2024-05-21 21:30:00,0,0
2024-05-21 22:00:00,0,0
2024-05-21 22:30:00,0,0
2024-05-21 23:00:00,0,0
2024-05-21 23:30:00,0,0
2024-05-22 00:00:00,0,0
2024-05-22 00:30:00,0,0
2024-05-22 01:00:00,0,0
2024-05-22 01:30:00,0,0
2024-05-22 02:00:00,0,0
2024-05-22 02:30:00,0,0
2024-05-22 03:00:00,0,0
2024-05-22 03:30:00,0,0
2024-05-22 04:00:00,0,0
2024-05-22 04:30:00,0,0
2024-05-22 05:00:00,0,0
2024-05-22 05:30:00,0,0
2024-05-22 06:00:00,0,0
2024-05-22 06:30:00,0,0
2024-05-22 07:00:00,0,0
2024-05-22 07:30:00,0,0
2024-05-22 08:00:00,1,1
2024-05-22 08:30:00,11,10
2024-05-22 09:00:00,15,14
2024-05-22 09:30:00,16,15
2024-05-22 10:00:00,19,18
2024-05-22 10:30:00,15,14
2024-05-22 11:00:00,16,15
2024-05-22 11:30:00,14,13
2024-05-22 12:00:00,23,21
2024-05-22 12:30:00,25,23
2024-05-22 13:00:00,19,16
2024-05-22 13:30:00,19,16
2024-05-22 14:00:00,18,15
2024-05-22 14:30:00,24,20
2024-05-22 15:00:00,18,14
2024-05-22 15:30:00,5,0
2024-05-22 16:00:00,5,0
2024-05-22 16:30:00,5,0
2024-05-22 17:00:00,5,0
2024-05-22 17:30:00,5,0
2024-05-22 18:00:00,5,0
2024-05-22 18:30:00,5,0
2024-05-22 19:00:00,5,0
2024-05-22 19:30:00,5,0
2024-05-22 20:00:00,5,0
2024-05-22 20:30:00,5,0
2024-05-22 21:00:00,5,0
2024-05-22 21:30:00,5,0
2024-05-22 22:00:00,5,0
2024-05-22 22:30:00,5,0
2024-05-22 23:00:00,5,0
2024-05-22 23:30:00,5,0
2024-05-23 00:00:00,5,0
2024-05-23 00:30:00,0,0
2024-05-23 01:00:00,0,0
2024-05-23 01:30:00,0,0
2024-05-23 02:00:00,0,0
2024-05-23 02:30:00,0,0
2024-05-23 03:00:00,0,0
2024-05-23 03:30:00,0,0
2024-05-23 04:00:00,0,0
2024-05-23 04:30:00,0,0
2024-05-23 05:00:00,0,0
2024-05-23 05:30:00,0,0
2024-05-23 06:00:00,0,0
2024-05-23 06:30:00,0,0
2024-05-23 07:00:00,0,0
2024-05-23 07:30:00,0,0
2024-05-23 08:00:00,1,1
2024-05-23 08:30:00,8,8
2024-05-23 09:00:00,9,9
2024-05-23 09:30:00,9,9
2024-05-23 10:00:00,9,9
2024-05-23 10:30:00,17,17
2024-05-23 11:00:00,18,18
2024-05-23 11:30:00,11,11
2024-05-23 12:00:00,4,4
2024-05-23 12:30:00,6,6
2024-05-23 13:00:00,16,16
2024-05-23 13:30:00,37,38
2024-05-23 14:00:00,46,47
2024-05-23 14:30:00,30,31
2024-05-23 15:00:00,17,18
2024-05-23 15:30:00,23,24
2024-05-23 16:00:00,25,26
2024-05-23 16:30:00,19,20
2024-05-23 17:00:00,13,14
2024-05-23 17:30:00,22,23
2024-05-23 18:00:00,22,23
2024-05-23 18:30:00,18,19
2024-05-23 19:00:00,-2,0
2024-05-23 19:30:00,-2,0
2024-05-23 20:00:00,-1,0
2024-05-23 20:30:00,-1,0
2024-05-23 21:00:00,-1,0
2024-05-23 21:30:00,-1,0
2024-05-23 22:00:00,-1,0
2024-05-23 22:30:00,-1,0
2024-05-23 23:00:00,-1,0
2024-05-23 23:30:00,-1,0
2024-05-24 00:00:00,-1,0
2024-05-24 00:30:00,0,0
2024-05-24 01:00:00,0,0
2024-05-24 01:30:00,0,0
2024-05-24 02:00:00,0,0
2024-05-24 02:30:00,0,0
2024-05-24 03:00:00,0,0
2024-05-24 03:30:00,0,0
2024-05-24 04:00:00,0,0
2024-05-24 04:30:00,0,0
2024-05-24 05:00:00,0,0
2024-05-24 05:30:00,0,0
2024-05-24 06:00:00,0,0
2024-05-24 06:30:00,0,0
2024-05-24 07:00:00,0,0
2024-05-24 07:30:00,0,0
2024-05-24 08:00:00,3,3
2024-05-24 08:30:00,14,15
2024-05-24 09:00:00,14,15
2024-05-24 09:30:00,14,15
2024-05-24 10:00:00,7,9
2024-05-24 10:30:00,10,12
2024-05-24 11:00:00,10,12
2024-05-24 11:30:00,4,6
2024-05-24 12:00:00,0,2
2024-05-24 12:30:00,4,6
2024-05-24 13:00:00,9,11
2024-05-24 13:30:00,9,11
2024-05-24 14:00:00,0,3
2024-05-24 14:30:00,-3,0
2024-05-24 15:00:00,-3,0
2024-05-24 15:30:00,-3,0
2024-05-24 16:00:00,-3,0
2024-05-24 16:30:00,-3,0
2024-05-24 17:00:00,-3,0
2024-05-24 17:30:00,-3,0
2024-05-24 18:00:00,-3,0
2024-05-24 18:30:00,-3,0
2024-05-24 19:00:00,-3,0
2024-05-24 19:30:00,-2,0
2024-05-24 20:00:00,-2,0
2024-05-24 20:30:00,-2,0
2024-05-24 21:00:00,-2,0
2024-05-24 21:30:00,-2,0
2024-05-24 22:00:00,-2,0
2024-05-24 22:30:00,-2,0
2024-05-24 23:00:00,-2,0
2024-05-24 23:30:00,-2,0
2024-05-25 00:00:00,-2,0
2024-05-25 00:30:00,0,0
2024-05-25 01:00:00,0,0
2024-05-25 01:30:00,0,0
2024-05-25 02:00:00,0,0
2024-05-25 02:30:00,0,0
2024-05-25 03:00:00,0,0
2024-05-25 03:30:00,0,0
2024-05-25 04:00:00,0,0
2024-05-25 04:30:00,0,0
2024-05-25 05:00:00,0,0
2024-05-25 05:30:00,0,0
2024-05-25 06:00:00,0,0
2024-05-25 06:30:00,0,0
2024-05-25 07:00:00,0,0
2024-05-25 07:30:00,0,0
2024-05-25 08:00:00,0,0
2024-05-25 08:30:00,0,0
2024-05-25 09:00:00,0,0
2024-05-25 09:30:00,0,0
2024-05-25 10:00:00,0,0
2024-05-25 10:30:00,0,0
2024-05-25 11:00:00,0,0
2024-05-25 11:30:00,0,0
2024-05-25 12:00:00,0,0
2024-05-25 12:30:00,0,0
2024-05-25 13:00:00,0,0
2024-05-25 13:30:00,0,0
2024-05-25 14:00:00,0,0
2024-05-25 14:30:00,0,0
2024-05-25 15:00:00,0,0
2024-05-25 15:30:00,0,0
2024-05-25 16:00:00,0,0
2024-05-25 16:30:00,0,0
2024-05-25 17:00:00,0,0
2024-05-25 17:30:00,0,0
2024-05-25 18:00:00,0,0
2024-05-25 18:30:00,0,0
2024-05-25 19:00:00,0,0
2024-05-25 19:30:00,0,0
2024-05-25 20:00:00,0,0
2024-05-25 20:30:00,0,0
2024-05-25 21:00:00,0,0
2024-05-25 21:30:00,0,0
2024-05-25 22:00:00,0,0
2024-05-25 22:30:00,0,0
2024-05-25 23:00:00,0,0
2024-05-25 23:30:00,0,0
2024-05-26 00:00:00,0,0
2024-05-26 00:30:00,0,0
2024-05-26 01:00:00,0,0
2024-05-26 01:30:00,0,0
2024-05-26 02:00:00,0,0
2024-05-26 02:30:00,0,0
2024-05-26 03:00:00,0,0
2024-05-26 03:30:00,0,0
2024-05-26 04:00:00,0,0
2024-05-26 04:30:00,0,0
2024-05-26 05:00:00,0,0
2024-05-26 05:30:00,0,0
2024-05-26 06:00:00,0,0
2024-05-26 06:30:00,0,0
2024-05-26 07:00:00,0,0
2024-05-26 07:30:00,0,0
2024-05-26 08:00:00,0,0
2024-05-26 08:30:00,0,0
2024-05-26 09:00:00,0,0
2024-05-26 09:30:00,0,0
2024-05-26 10:00:00,0,0
2024-05-26 10:30:00,0,0
2024-05-26 11:00:00,0,0
2024-05-26 11:30:00,0,0
2024-05-26 12:00:00,0,0
2024-05-26 12:30:00,0,0
2024-05-26 13:00:00,0,0
2024-05-26 13:30:00,0,0
2024-05-26 14:00:00,0,0
2024-05-26 14:30:00,0,0
2024-05-26 15:00:00,0,0
2024-05-26 15:30:00,0,0
2024-05-26 16:00:00,0,0
2024-05-26 16:30:00,0,0
2024-05-26 17:00:00,0,0
2024-05-26 17:30:00,0,0
2024-05-26 18:00:00,0,0
2024-05-26 18:30:00,0,0
2024-05-26 19:00:00,0,0
2024-05-26 19:30:00,0,0
2024-05-26 20:00:00,0,0
2024-05-26 20:30:00,0,0
2024-05-26 21:00:00,0,0
2024-05-26 21:30:00,0,0
2024-05-26 22:00:00,0,0
2024-05-26 22:30:00,0,0
2024-05-26 23:00:00,0,0
2024-05-26 23:30:00,0,0
2024-05-27 00:00:00,0,0
2024-05-27 00:30:00,0,0
2024-05-27 01:00:00,0,0
2024-05-27 01:30:00,0,0
2024-05-27 02:00:00,0,0
2024-05-27 02:30:00,0,0
2024-05-27 03:00:00,0,0
2024-05-27 03:30:00,0,0
2024-05-27 04:00:00,0,0
2024-05-27 04:30:00,0,0
2024-05-27 05:00:00,0,0
2024-05-27 05:30:00,0,0
2024-05-27 06:00:00,0,0
2024-05-27 06:30:00,0,0
2024-05-27 07:00:00,0,0
2024-05-27 07:30:00,0,0
2024-05-27 08:00:00,0,0
2024-05-27 08:30:00,0,0
2024-05-27 09:00:00,0,0
2024-05-27 09:30:00,0,0
2024-05-27 10:00:00,16,10
2024-05-27 10:30:00,23,14
2024-05-27 11:00:00,23,14
2024-05-27 11:30:00,25,15
2024-05-27 12:00:00,32,19
2024-05-27 12:30:00,33,20
2024-05-27 13:00:00,29,15
2024-05-27 13:30:00,29,15
2024-05-27 14:00:00,33,18
2024-05-27 14:30:00,33,18
2024-05-27 15:00:00,27,10
2024-05-27 15:30:00,20,0
2024-05-27 16:00:00,20,0
2024-05-27 16:30:00,20,0
2024-05-27 17:00:00,20,0
2024-05-27 17:30:00,20,0
2024-05-27 18:00:00,20,0
2024-05-27 18:30:00,20,0
2024-05-27 19:00:00,20,0
2024-05-27 19:30:00,20,0
2024-05-27 20:00:00,21,1
2024-05-27 20:30:00,21,0
2024-05-27 21:00:00,21,0
2024-05-27 21:30:00,21,0
2024-05-27 22:00:00,21,0
2024-05-27 22:30:00,21,0
2024-05-27 23:00:00,21,0
2024-05-27 23:30:00,21,0
2024-05-28 00:00:00,21,0
2024-05-28 00:30:00,0,0
2024-05-28 01:00:00,0,0
2024-05-28 01:30:00,0,0
2024-05-28 02:00:00,0,0
2024-05-28 02:30:00,0,0
2024-05-28 03:00:00,0,0
2024-05-28 03:30:00,0,0
2024-05-28 04:00:00,0,0
2024-05-28 04:30:00,0,0
2024-05-28 05:00:00,0,0
2024-05-28 05:30:00,0,0
2024-05-28 06:00:00,0,0
2024-05-28 06:30:00,0,0
2024-05-28 07:00:00,0,0
2024-05-28 07:30:00,0,0
2024-05-28 08:00:00,4,3
2024-05-28 08:30:00,19,13
2024-05-28 09:00:00,20,14
2024-05-28 09:30:00,20,14
2024-05-28 10:00:00,30,20
2024-05-28 10:30:00,33,22
2024-05-28 11:00:00,34,23
2024-05-28 11:30:00,33,22
2024-05-28 12:00:00,36,24
2024-05-28 12:30:00,37,25
2024-05-28 13:00:00,37,25
2024-05-28 13:30:00,38,26
2024-05-28 14:00:00,41,28
2024-05-28 14:30:00,41,28
2024-05-28 15:00:00,32,16
2024-05-28 15:30:00,20,0
2024-05-28 16:00:00,20,0
2024-05-28 16:30:00,20,0
2024-05-28 17:00:00,20,0
2024-05-28 17:30:00,20,0
2024-05-28 18:00:00,20,0
2024-05-28 18:30:00,20,0
2024-05-28 19:00:00,20,0
2024-05-28 19:30:00,20,0
2024-05-28 20:00:00,20,0
2024-05-28 20:30:00,20,0
2024-05-28 21:00:00,20,0
2024-05-28 21:30:00,20,0
2024-05-28 22:00:00,20,0
2024-05-28 22:30:00,20,0
2024-05-28 23:00:00,20,0
2024-05-28 23:30:00,20,0
2024-05-29 00:00:00,20,0
2024-05-29 00:30:00,0,0
2024-05-29 01:00:00,0,0
2024-05-29 01:30:00,0,0
2024-05-29 02:00:00,0,0
2024-05-29 02:30:00,0,0
2024-05-29 03:00:00,0,0
2024-05-29 03:30:00,0,0
2024-05-29 04:00:00,0,0
2024-05-29 04:30:00,0,0
2024-05-29 05:00:00,0,0
2024-05-29 05:30:00,0,0
2024-05-29 06:00:00,0,0
2024-05-29 06:30:00,0,0
2024-05-29 07:00:00,0,0
2024-05-29 07:30:00,0,0
2024-05-29 08:00:00,3,3
2024-05-29 08:30:00,11,11
2024-05-29 09:00:00,13,13
2024-05-29 09:30:00,14,14
2024-05-29 10:00:00,11,11
2024-05-29 10:30:00,16,16
2024-05-29 11:00:00,16,16
2024-05-29 11:30:00,10,10
2024-05-29 12:00:00,20,19
2024-05-29 12:30:00,24,23
2024-05-29 13:00:00,22,21
2024-05-29 13:30:00,22,21
2024-05-29 14:00:00,19,18
2024-05-29 14:30:00,20,19
2024-05-29 15:00:00,12,11
2024-05-29 15:30:00,7,6
2024-05-29 16:00:00,11,10
2024-05-29 16:30:00,11,10
2024-05-29 17:00:00,6,5
2024-05-29 17:30:00,1,0
2024-05-29 18:00:00,1,0
2024-05-29 18:30:00,1,0
2024-05-29 19:00:00,1,0
2024-05-29 19:30:00,1,0
2024-05-29 20:00:00,1,0
2024-05-29 20:30:00,1,0
2024-05-29 21:00:00,1,0
2024-05-29 21:30:00,1,0
2024-05-29 22:00:00,1,0
2024-05-29 22:30:00,1,0
2024-05-29 23:00:00,1,0
2024-05-29 23:30:00,1,0
2024-05-30 00:00:00,1,0
2024-05-30 00:30:00,0,0
2024-05-30 01:00:00,0,0
2024-05-30 01:30:00,0,0
2024-05-30 02:00:00,0,0
2024-05-30 02:30:00,0,0
2024-05-30 03:00:00,0,0
2024-05-30 03:30:00,0,0
2024-05-30 04:00:00,0,0
2024-05-30 04:30:00,0,0
2024-05-30 05:00:00,0,0
2024-05-30 05:30:00,0,0
2024-05-30 06:00:00,0,0
2024-05-30 06:30:00,0,0
2024-05-30 07:00:00,0,0
2024-05-30 07:30:00,0,0
2024-05-30 08:00:00,0,0
2024-05-30 08:30:00,0,0
2024-05-30 09:00:00,0,0
2024-05-30 09:30:00,0,0
2024-05-30 10:00:00,0,0
2024-05-30 10:30:00,0,0
2024-05-30 11:00:00,0,0
2024-05-30 11:30:00,0,0
2024-05-30 12:00:00,0,0
2024-05-30 12:30:00,0,0
2024-05-30 13:00:00,0,0
2024-05-30 13:30:00,0,0
2024-05-30 14:00:00,0,0
2024-05-30 14:30:00,0,0
2024-05-30 15:00:00,0,0
2024-05-30 15:30:00,0,0
2024-05-30 16:00:00,0,0
2024-05-30 16:30:00,0,0
2024-05-30 17:00:00,0,0
2024-05-30 17:30:00,0,0
2024-05-30 18:00:00,0,0
2024-05-30 18:30:00,0,0
2024-05-30 19:00:00,0,0
2024-05-30 19:30:00,0,0
2024-05-30 20:00:00,0,0
2024-05-30 20:30:00,0,0
2024-05-30 21:00:00,0,0
2024-05-30 21:30:00,0,0
2024-05-30 22:00:00,0,0
2024-05-30 22:30:00,0,0
2024-05-30 23:00:00,0,0
2024-05-30 23:30:00,0,0
2024-05-31 00:00:00,0,0
2024-05-31 00:30:00,0,0
2024-05-31 01:00:00,0,0
2024-05-31 01:30:00,0,0
2024-05-31 02:00:00,0,0
2024-05-31 02:30:00,0,0
2024-05-31 03:00:00,0,0
2024-05-31 03:30:00,0,0
2024-05-31 04:00:00,0,0
2024-05-31 04:30:00,0,0
2024-05-31 05:00:00,0,0
2024-05-31 05:30:00,0,0
2024-05-31 06:00:00,0,0
2024-05-31 06:30:00,0,0
2024-05-31 07:00:00,0,0
2024-05-31 07:30:00,0,0
2024-05-31 08:00:00,0,0
2024-05-31 08:30:00,0,0
2024-05-31 09:00:00,0,0
2024-05-31 09:30:00,0,0
2024-05-31 10:00:00,0,0
2024-05-31 10:30:00,0,0
2024-05-31 11:00:00,0,0
2024-05-31 11:30:00,0,0
2024-05-31 12:00:00,0,0
2024-05-31 12:30:00,0,0
2024-05-31 13:00:00,0,0
2024-05-31 13:30:00,0,0
2024-05-31 14:00:00,-1,0
2024-05-31 14:30:00,-1,0
2024-05-31 15:00:00,-1,0
2024-05-31 15:30:00,-1,0
2024-05-31 16:00:00,-1,0
2024-05-31 16:30:00,-1,0
2024-05-31 17:00:00,-1,0
2024-05-31 17:30:00,-1,0
2024-05-31 18:00:00,-1,0
2024-05-31 18:30:00,-1,0
2024-05-31 19:00:00,-1,0
2024-05-31 19:30:00,-3,0
2024-05-31 20:00:00,-3,0
2024-05-31 20:30:00,-3,0
2024-05-31 21:00:00,-3,0
2024-05-31 21:30:00,-3,0
2024-05-31 22:00:00,-3,0
2024-05-31 22:30:00,-3,0
2024-05-31 23:00:00,-3,0
2024-05-31 23:30:00,-3,0
2024-06-01 00:00:00,-3,0
2024-06-01 00:30:00,0,0
2024-06-01 01:00:00,0,0
2024-06-01 01:30:00,0,0
2024-06-01 02:00:00,0,0
2024-06-01 02:30:00,0,0
2024-06-01 03:00:00,0,0
2024-06-01 03:30:00,0,0
2024-06-01 04:00:00,0,0
2024-06-01 04:30:00,0,0
2024-06-01 05:00:00,0,0
2024-06-01 05:30:00,0,0
2024-06-01 06:00:00,0,0
2024-06-01 06:30:00,0,0
2024-06-01 07:00:00,0,0
2024-06-01 07:30:00,0,0
2024-06-01 08:00:00,0,0
2024-06-01 08:30:00,0,0
2024-06-01 09:00:00,0,0
2024-06-01 09:30:00,0,0
2024-06-01 10:00:00,0,0
2024-06-01 10:30:00,0,0
2024-06-01 11:00:00,0,0
2024-06-01 11:30:00,0,0
2024-06-01 12:00:00,0,0
2024-06-01 12:30:00,0,0
2024-06-01 13:00:00,0,0
2024-06-01 13:30:00,0,0
2024-06-01 14:00:00,0,0
2024-06-01 14:30:00,0,0
2024-06-01 15:00:00,0,0
2024-06-01 15:30:00,0,0
2024-06-01 16:00:00,0,0
2024-06-01 16:30:00,0,0
2024-06-01 17:00:00,0,0
2024-06-01 17:30:00,0,0
2024-06-01 18:00:00,0,0
2024-06-01 18:30:00,0,0
2024-06-01 19:00:00,0,0
2024-06-01 19:30:00,0,0
2024-06-01 20:00:00,0,0
2024-06-01 20:30:00,0,0
2024-06-01 21:00:00,0,0
2024-06-01 21:30:00,0,0
2024-06-01 22:00:00,0,0
2024-06-01 22:30:00,0,0
2024-06-01 23:00:00,0,0
2024-06-01 23:30:00,0,0
2024-06-02 00:00:00,0,0
2024-06-02 00:30:00,0,0
2024-06-02 01:00:00,0,0
2024-06-02 01:30:00,0,0
2024-06-02 02:00:00,0,0
2024-06-02 02:30:00,0,0
2024-06-02 03:00:00,0,0
2024-06-02 03:30:00,0,0
2024-06-02 04:00:00,0,0
2024-06-02 04:30:00,0,0
2024-06-02 05:00:00,0,0
2024-06-02 05:30:00,0,0
2024-06-02 06:00:00,0,0
2024-06-02 06:30:00,0,0
2024-06-02 07:00:00,0,0
2024-06-02 07:30:00,0,0
2024-06-02 08:00:00,0,0
2024-06-02 08:30:00,0,0
2024-06-02 09:00:00,0,0
2024-06-02 09:30:00,0,0
2024-06-02 10:00:00,0,0
2024-06-02 10:30:00,0,0
2024-06-02 11:00:00,0,0
2024-06-02 11:30:00,0,0
2024-06-02 12:00:00,0,0
2024-06-02 12:30:00,0,0
2024-06-02 13:00:00,0,0
2024-06-02 13:30:00,0,0
2024-06-02 14:00:00,0,0
2024-06-02 14:30:00,0,0
2024-06-02 15:00:00,0,0
2024-06-02 15:30:00,0,0
2024-06-02 16:00:00,0,0
2024-06-02 16:30:00,0,0
2024-06-02 17:00:00,0,0
2024-06-02 17:30:00,0,0
2024-06-02 18:00:00,0,0
2024-06-02 18:30:00,0,0
2024-06-02 19:00:00,0,0
2024-06-02 19:30:00,0,0
2024-06-02 20:00:00,0,0
2024-06-02 20:30:00,0,0
2024-06-02 21:00:00,0,0
2024-06-02 21:30:00,0,0
2024-06-02 22:00:00,0,0
2024-06-02 22:30:00,0,0
2024-06-02 23:00:00,0,0
2024-06-02 23:30:00,0,0
2024-06-03 00:00:00,0,0
2024-06-03 00:30:00,0,0
2024-06-03 01:00:00,0,0
2024-06-03 01:30:00,0,0
2024-06-03 02:00:00,0,0
2024-06-03 02:30:00,0,0
2024-06-03 03:00:00,0,0
2024-06-03 03:30:00,0,0
2024-06-03 04:00:00,0,0
2024-06-03 04:30:00,0,0
2024-06-03 05:00:00,0,0
2024-06-03 05:30:00,0,0
2024-06-03 06:00:00,0,0
2024-06-03 06:30:00,0,0
2024-06-03 07:00:00,0,0
2024-06-03 07:30:00,0,0
2024-06-03 08:00:00,0,0
2024-06-03 08:30:00,0,0
2024-06-03 09:00:00,0,0
2024-06-03 09:30:00,0,0
2024-06-03 10:00:00,12,12
2024-06-03 10:30:00,18,18
2024-06-03 11:00:00,18,18
2024-06-03 11:30:00,5,6
2024-06-03 12:00:00,13,14
2024-06-03 12:30:00,14,15
2024-06-03 13:00:00,12,13
2024-06-03 13:30:00,5,6
2024-06-03 14:00:00,5,6
2024-06-03 14:30:00,5,6
2024-06-03 15:00:00,6,7
2024-06-03 15:30:00,14,15
2024-06-03 16:00:00,15,16
2024-06-03 16:30:00,15,16
2024-06-03 17:00:00,13,14
2024-06-03 17:30:00,14,15
2024-06-03 18:00:00,12,13
2024-06-03 18:30:00,0,1
2024-06-03 19:00:00,-1,0
2024-06-03 19:30:00,0,0
2024-06-03 20:00:00,0,0
2024-06-03 20:30:00,0,0
2024-06-03 21:00:00,0,0
2024-06-03 21:30:00,0,0
2024-06-03 22:00:00,0,0
2024-06-03 22:30:00,0,0
2024-06-03 23:00:00,0,0
2024-06-03 23:30:00,0,0
2024-06-04 00:00:00,0,0
2024-06-04 00:30:00,0,0
2024-06-04 01:00:00,0,0
2024-06-04 01:30:00,0,0
2024-06-04 02:00:00,0,0
2024-06-04 02:30:00,0,0
2024-06-04 03:00:00,0,0
2024-06-04 03:30:00,0,0
2024-06-04 04:00:00,0,0
2024-06-04 04:30:00,0,0
2024-06-04 05:00:00,0,0
2024-06-04 05:30:00,0,0
2024-06-04 06:00:00,0,0
2024-06-04 06:30:00,0,0
2024-06-04 07:00:00,0,0
2024-06-04 07:30:00,0,0
2024-06-04 08:00:00,3,3
2024-06-04 08:30:00,19,19
2024-06-04 09:00:00,20,20
2024-06-04 09:30:00,21,21
2024-06-04 10:00:00,3,4
2024-06-04 10:30:00,5,6
2024-06-04 11:00:00,5,6
2024-06-04 11:30:00,5,6
2024-06-04 12:00:00,7,8
2024-06-04 12:30:00,7,8
2024-06-04 13:00:00,7,8
2024-06-04 13:30:00,10,11
2024-06-04 14:00:00,14,15
2024-06-04 14:30:00,13,14
2024-06-04 15:00:00,9,10
2024-06-04 15:30:00,11,12
2024-06-04 16:00:00,12,13
2024-06-04 16:30:00,12,13
2024-06-04 17:00:00,9,10
2024-06-04 17:30:00,-1,0
2024-06-04 18:00:00,-1,0
2024-06-04 18:30:00,-1,0
2024-06-04 19:00:00,-1,0
2024-06-04 19:30:00,-1,0
2024-06-04 20:00:00,-1,0
2024-06-04 20:30:00,-1,0
2024-06-04 21:00:00,-1,0
2024-06-04 21:30:00,-1,0
2024-06-04 22:00:00,-1,0
2024-06-04 22:30:00,-1,0
2024-06-04 23:00:00,-1,0
2024-06-04 23:30:00,-1,0
2024-06-05 00:00:00,-1,0
2024-06-05 00:30:00,0,0
2024-06-05 01:00:00,0,0
2024-06-05 01:30:00,0,0
2024-06-05 02:00:00,0,0
2024-06-05 02:30:00,0,0
2024-06-05 03:00:00,0,0
2024-06-05 03:30:00,0,0
2024-06-05 04:00:00,0,0
2024-06-05 04:30:00,0,0
2024-06-05 05:00:00,0,0
2024-06-05 05:30:00,0,0
2024-06-05 06:00:00,0,0
2024-06-05 06:30:00,0,0
2024-06-05 07:00:00,0,0
2024-06-05 07:30:00,0,0
2024-06-05 08:00:00,0,0
2024-06-05 08:30:00,3,3
2024-06-05 09:00:00,5,5
2024-06-05 09:30:00,16,16
2024-06-05 10:00:00,62,62
2024-06-05 10:30:00,68,68
2024-06-05 11:00:00,56,56
2024-06-05 11:30:00,4,4
2024-06-05 12:00:00,14,14
2024-06-05 12:30:00,16,16
2024-06-05 13:00:00,13,13
2024-06-05 13:30:00,17,17
2024-06-05 14:00:00,17,17
2024-06-05 14:30:00,19,19
2024-06-05 15:00:00,14,14
2024-06-05 15:30:00,0,0
2024-06-05 16:00:00,0,0
2024-06-05 16:30:00,0,0
2024-06-05 17:00:00,0,0
2024-06-05 17:30:00,0,0
2024-06-05 18:00:00,0,0
2024-06-05 18:30:00,0,0
2024-06-05 19:00:00,0,0
2024-06-05 19:30:00,0,0
2024-06-05 20:00:00,1,0
2024-06-05 20:30:00,2,0
2024-06-05 21:00:00,2,0
2024-06-05 21:30:00,2,0
2024-06-05 22:00:00,2,0
2024-06-05 22:30:00,2,0
2024-06-05 23:00:00,2,0
2024-06-05 23:30:00,2,0
2024-06-06 00:00:00,2,0
2024-06-06 00:30:00,0,0
2024-06-06 01:00:00,0,0
2024-06-06 01:30:00,0,0
2024-06-06 02:00:00,0,0
2024-06-06 02:30:00,0,0
2024-06-06 03:00:00,0,0
2024-06-06 03:30:00,0,0
2024-06-06 04:00:00,0,0
2024-06-06 04:30:00,0,0
2024-06-06 05:00:00,0,0
2024-06-06 05:30:00,0,0
2024-06-06 06:00:00,0,0
2024-06-06 06:30:00,0,0
2024-06-06 07:00:00,0,0
2024-06-06 07:30:00,0,0
2024-06-06 08:00:00,2,2
2024-06-06 08:30:00,10,11
2024-06-06 09:00:00,11,12
2024-06-06 09:30:00,11,12
2024-06-06 10:00:00,9,10
2024-06-06 10:30:00,11,12
2024-06-06 11:00:00,7,8
2024-06-06 11:30:00,0,1
2024-06-06 12:00:00,1,2
2024-06-06 12:30:00,3,4
2024-06-06 13:00:00,9,10
2024-06-06 13:30:00,34,37
2024-06-06 14:00:00,42,45
2024-06-06 14:30:00,27,31
2024-06-06 15:00:00,6,11
2024-06-06 15:30:00,16,22
2024-06-06 16:00:00,15,21
2024-06-06 16:30:00,-7,0
2024-06-06 17:00:00,5,11
2024-06-06 17:30:00,14,19
2024-06-06 18:00:00,14,19
2024-06-06 18:30:00,5,9
2024-06-06 19:00:00,-4,0
2024-06-06 19:30:00,-4,0
2024-06-06 20:00:00,-4,0
2024-06-06 20:30:00,-4,0
2024-06-06 21:00:00,-4,0
2024-06-06 21:30:00,-4,0
2024-06-06 22:00:00,-4,0
2024-06-06 22:30:00,-4,0
2024-06-06 23:00:00,-4,0
2024-06-06 23:30:00,-4,0
2024-06-07 00:00:00,-4,0
2024-06-07 00:30:00,0,0
2024-06-07 01:00:00,0,0
2024-06-07 01:30:00,0,0
2024-06-07 02:00:00,0,0
2024-06-07 02:30:00,0,0
2024-06-07 03:00:00,0,0
2024-06-07 03:30:00,0,0
2024-06-07 04:00:00,0,0
2024-06-07 04:30:00,0,0
2024-06-07 05:00:00,0,0
2024-06-07 05:30:00,0,0
2024-06-07 06:00:00,0,0
2024-06-07 06:30:00,0,0
2024-06-07 07:00:00,0,0
2024-06-07 07:30:00,0,0
2024-06-07 08:00:00,0,0
2024-06-07 08:30:00,0,0
2024-06-07 09:00:00,0,0
2024-06-07 09:30:00,2,2
2024-06-07 10:00:00,15,16
2024-06-07 10:30:00,31,33
2024-06-07 11:00:00,31,33
2024-06-07 11:30:00,21,23
2024-06-07 12:00:00,13,15
2024-06-07 12:30:00,16,18
2024-06-07 13:00:00,-2,1
2024-06-07 13:30:00,-3,0
2024-06-07 14:00:00,-3,0
2024-06-07 14:30:00,-3,0
2024-06-07 15:00:00,-3,0
2024-06-07 15:30:00,-3,0
2024-06-07 16:00:00,-3,0
2024-06-07 16:30:00,-3,0
2024-06-07 17:00:00,-3,0
2024-06-07 17:30:00,-3,0
2024-06-07 18:00:00,-3,0
2024-06-07 18:30:00,-3,0
2024-06-07 19:00:00,-3,0
2024-06-07 19:30:00,-3,0
2024-06-07 20:00:00,-3,0
2024-06-07 20:30:00,-3,0
2024-06-07 21:00:00,-3,0
2024-06-07 21:30:00,-3,0
2024-06-07 22:00:00,-3,0
2024-06-07 22:30:00,-3,0
2024-06-07 23:00:00,-3,0
2024-06-07 23:30:00,-3,0
2024-06-08 00:00:00,-3,0
2024-06-08 00:30:00,0,0
2024-06-08 01:00:00,0,0
2024-06-08 01:30:00,0,0
2024-06-08 02:00:00,0,0
2024-06-08 02:30:00,0,0
2024-06-08 03:00:00,0,0
2024-06-08 03:30:00,0,0
2024-06-08 04:00:00,0,0
2024-06-08 04:30:00,0,0
2024-06-08 05:00:00,0,0
2024-06-08 05:30:00,0,0
2024-06-08 06:00:00,0,0
2024-06-08 06:30:00,0,0
2024-06-08 07:00:00,0,0
2024-06-08 07:30:00,0,0
2024-06-08 08:00:00,0,0
2024-06-08 08:30:00,0,0
2024-06-08 09:00:00,0,0
2024-06-08 09:30:00,0,0
2024-06-08 10:00:00,0,0
2024-06-08 10:30:00,0,0
2024-06-08 11:00:00,0,0
2024-06-08 11:30:00,0,0
2024-06-08 12:00:00,0,0
2024-06-08 12:30:00,0,0
2024-06-08 13:00:00,0,0
2024-06-08 13:30:00,0,0
2024-06-08 14:00:00,0,0
2024-06-08 14:30:00,0,0
2024-06-08 15:00:00,0,0
2024-06-08 15:30:00,0,0
2024-06-08 16:00:00,0,0
2024-06-08 16:30:00,0,0
2024-06-08 17:00:00,0,0
2024-06-08 17:30:00,0,0
2024-06-08 18:00:00,0,0
2024-06-08 18:30:00,0,0
2024-06-08 19:00:00,0,0
2024-06-08 19:30:00,0,0
2024-06-08 20:00:00,0,0
2024-06-08 20:30:00,0,0
2024-06-08 21:00:00,0,0
2024-06-08 21:30:00,0,0
2024-06-08 22:00:00,0,0
2024-06-08 22:30:00,0,0
2024-06-08 23:00:00,0,0
2024-06-08 23:30:00,0,0
2024-06-09 00:00:00,0,0
2024-06-09 00:30:00,0,0
2024-06-09 01:00:00,0,0
2024-06-09 01:30:00,0,0
2024-06-09 02:00:00,0,0
2024-06-09 02:30:00,0,0
2024-06-09 03:00:00,0,0
2024-06-09 03:30:00,0,0
2024-06-09 04:00:00,0,0
2024-06-09 04:30:00,0,0
2024-06-09 05:00:00,0,0
2024-06-09 05:30:00,0,0
2024-06-09 06:00:00,0,0
2024-06-09 06:30:00,0,0
2024-06-09 07:00:00,0,0
2024-06-09 07:30:00,0,0
2024-06-09 08:00:00,0,0
2024-06-09 08:30:00,0,0
2024-06-09 09:00:00,0,0
2024-06-09 09:30:00,0,0
2024-06-09 10:00:00,0,0
2024-06-09 10:30:00,0,0
2024-06-09 11:00:00,0,0
2024-06-09 11:30:00,0,0
2024-06-09 12:00:00,0,0
2024-06-09 12:30:00,0,0
2024-06-09 13:00:00,0,0
2024-06-09 13:30:00,0,0
2024-06-09 14:00:00,0,0
2024-06-09 14:30:00,0,0
2024-06-09 15:00:00,0,0
2024-06-09 15:30:00,0,0
2024-06-09 16:00:00,0,0
2024-06-09 16:30:00,0,0
2024-06-09 17:00:00,0,0
2024-06-09 17:30:00,0,0
2024-06-09 18:00:00,0,0
2024-06-09 18:30:00,0,0
2024-06-09 19:00:00,0,0
2024-06-09 19:30:00,0,0
2024-06-09 20:00:00,0,0
2024-06-09 20:30:00,0,0
2024-06-09 21:00:00,0,0
2024-06-09 21:30:00,0,0
2024-06-09 22:00:00,0,0
2024-06-09 22:30:00,0,0
2024-06-09 23:00:00,0,0
2024-06-09 23:30:00,0,0
2024-06-10 00:00:00,0,0
2024-06-10 00:30:00,0,0
2024-06-10 01:00:00,0,0
2024-06-10 01:30:00,0,0
2024-06-10 02:00:00,0,0
2024-06-10 02:30:00,0,0
2024-06-10 03:00:00,0,0
2024-06-10 03:30:00,0,0
2024-06-10 04:00:00,0,0
2024-06-10 04:30:00,0,0
2024-06-10 05:00:00,0,0
2024-06-10 05:30:00,0,0
2024-06-10 06:00:00,0,0
2024-06-10 06:30:00,0,0
2024-06-10 07:00:00,0,0
2024-06-10 07:30:00,0,0
2024-06-10 08:00:00,7,7
2024-06-10 08:30:00,28,28
2024-06-10 09:00:00,32,32
2024-06-10 09:30:00,29,29
2024-06-10 10:00:00,6,5
2024-06-10 10:30:00,13,12
2024-06-10 11:00:00,13,12
2024-06-10 11:30:00,9,8
2024-06-10 12:00:00,14,13
2024-06-10 12:30:00,14,13
2024-06-10 13:00:00,13,12
2024-06-10 13:30:00,2,1
2024-06-10 14:00:00,1,0
2024-06-10 14:30:00,1,0
2024-06-10 15:00:00,1,0
2024-06-10 15:30:00,1,0
2024-06-10 16:00:00,1,0
2024-06-10 16:30:00,1,0
2024-06-10 17:00:00,1,0
2024-06-10 17:30:00,1,0
2024-06-10 18:00:00,1,0
2024-06-10 18:30:00,1,0
2024-06-10 19:00:00,1,0
2024-06-10 19:30:00,1,0
2024-06-10 20:00:00,1,0
2024-06-10 20:30:00,1,0
2024-06-10 21:00:00,1,0
2024-06-10 21:30:00,1,0
2024-06-10 22:00:00,1,0
2024-06-10 22:30:00,1,0
2024-06-10 23:00:00,1,0
2024-06-10 23:30:00,1,0
2024-06-11 00:00:00,1,0
2024-06-11 00:30:00,0,0
2024-06-11 01:00:00,0,0
2024-06-11 01:30:00,0,0
2024-06-11 02:00:00,0,0
2024-06-11 02:30:00,0,0
2024-06-11 03:00:00,0,0
2024-06-11 03:30:00,0,0
2024-06-11 04:00:00,0,0
2024-06-11 04:30:00,0,0
2024-06-11 05:00:00,0,0
2024-06-11 05:30:00,0,0
2024-06-11 06:00:00,0,0
2024-06-11 06:30:00,0,0
2024-06-11 07:00:00,0,0
2024-06-11 07:30:00,0,0
2024-06-11 08:00:00,3,3
2024-06-11 08:30:00,14,14
2024-06-11 09:00:00,14,14
2024-06-11 09:30:00,14,14
2024-06-11 10:00:00,7,7
2024-06-11 10:30:00,10,10
2024-06-11 11:00:00,11,11
2024-06-11 11:30:00,12,12
2024-06-11 12:00:00,17,17
2024-06-11 12:30:00,17,17
2024-06-11 13:00:00,17,17
2024-06-11 13:30:00,18,18
2024-06-11 14:00:00,20,20
2024-06-11 14:30:00,20,20
2024-06-11 15:00:00,16,16
2024-06-11 15:30:00,17,17
2024-06-11 16:00:00,17,17
2024-06-11 16:30:00,16,16
2024-06-11 17:00:00,16,16
2024-06-11 17:30:00,2,2
2024-06-11 18:00:00,0,0
2024-06-11 18:30:00,0,0
2024-06-11 19:00:00,1,1
2024-06-11 19:30:00,2,1
2024-06-11 20:00:00,2,0
2024-06-11 20:30:00,2,0
2024-06-11 21:00:00,2,0
2024-06-11 21:30:00,2,0
2024-06-11 22:00:00,2,0
2024-06-11 22:30:00,2,0
2024-06-11 23:00:00,2,0
2024-06-11 23:30:00,2,0
2024-06-12 00:00:00,2,0
2024-06-12 00:30:00,0,0
2024-06-12 01:00:00,0,0
2024-06-12 01:30:00,0,0
2024-06-12 02:00:00,0,0
2024-06-12 02:30:00,0,0
2024-06-12 03:00:00,0,0
2024-06-12 03:30:00,0,0
2024-06-12 04:00:00,0,0
2024-06-12 04:30:00,0,0
2024-06-12 05:00:00,0,0
2024-06-12 05:30:00,0,0
2024-06-12 06:00:00,0,0
2024-06-12 06:30:00,0,0
2024-06-12 07:00:00,0,0
2024-06-12 07:30:00,2,0
2024-06-12 08:00:00,36,34
2024-06-12 08:30:00,72,70
2024-06-12 09:00:00,15,14
2024-06-12 09:30:00,1,0
2024-06-12 10:00:00,13,12
2024-06-12 10:30:00,23,22
2024-06-12 11:00:00,23,22
2024-06-12 11:30:00,18,17
2024-06-12 12:00:00,2,0
2024-06-12 12:30:00,2,0
2024-06-12 13:00:00,3,1
2024-06-12 13:30:00,2,0
2024-06-12 14:00:00,5,3
2024-06-12 14:30:00,24,21
2024-06-12 15:00:00,19,16
2024-06-12 15:30:00,4,1
2024-06-12 16:00:00,3,0
2024-06-12 16:30:00,3,0
2024-06-12 17:00:00,3,0
2024-06-12 17:30:00,3,0
2024-06-12 18:00:00,3,0
2024-06-12 18:30:00,3,0
2024-06-12 19:00:00,4,1
2024-06-12 19:30:00,4,1
2024-06-12 20:00:00,4,1
2024-06-12 20:30:00,4,1
2024-06-12 21:00:00,4,0
2024-06-12 21:30:00,4,0
2024-06-12 22:00:00,4,0
2024-06-12 22:30:00,4,0
2024-06-12 23:00:00,4,0
2024-06-12 23:30:00,4,0
2024-06-13 00:00:00,4,0
2024-06-13 00:30:00,0,0
2024-06-13 01:00:00,0,0
2024-06-13 01:30:00,0,0
2024-06-13 02:00:00,0,0
2024-06-13 02:30:00,0,0
2024-06-13 03:00:00,0,0
2024-06-13 03:30:00,0,0
2024-06-13 04:00:00,0,0
2024-06-13 04:30:00,0,0
2024-06-13 05:00:00,0,0
2024-06-13 05:30:00,0,0
2024-06-13 06:00:00,0,0
2024-06-13 06:30:00,0,0
2024-06-13 07:00:00,0,0
2024-06-13 07:30:00,0,0
2024-06-13 08:00:00,1,1
2024-06-13 08:30:00,7,7
2024-06-13 09:00:00,9,9
2024-06-13 09:30:00,9,9
2024-06-13 10:00:00,7,7
2024-06-13 10:30:00,11,11
2024-06-13 11:00:00,11,11
2024-06-13 11:30:00,8,8
2024-06-13 12:00:00,1,1
2024-06-13 12:30:00,2,2
2024-06-13 13:00:00,5,5
2024-06-13 13:30:00,31,30
2024-06-13 14:00:00,41,40
2024-06-13 14:30:00,41,40
2024-06-13 15:00:00,27,25
2024-06-13 15:30:00,26,24
2024-06-13 16:00:00,27,25
2024-06-13 16:30:00,15,12
2024-06-13 17:00:00,4,0
2024-06-13 17:30:00,4,0
2024-06-13 18:00:00,4,0
2024-06-13 18:30:00,4,0
2024-06-13 19:00:00,4,0
2024-06-13 19:30:00,4,0
2024-06-13 20:00:00,4,0
2024-06-13 20:30:00,4,0
2024-06-13 21:00:00,4,0
2024-06-13 21:30:00,4,0
2024-06-13 22:00:00,4,0
2024-06-13 22:30:00,4,0
2024-06-13 23:00:00,4,0
2024-06-13 23:30:00,4,0
2024-06-14 00:00:00,4,0
2024-06-14 00:30:00,0,0
2024-06-14 01:00:00,0,0
2024-06-14 01:30:00,0,0
2024-06-14 02:00:00,0,0
2024-06-14 02:30:00,0,0
2024-06-14 03:00:00,0,0
2024-06-14 03:30:00,0,0
2024-06-14 04:00:00,0,0
2024-06-14 04:30:00,0,0
2024-06-14 05:00:00,0,0
2024-06-14 05:30:00,0,0
2024-06-14 06:00:00,0,0
2024-06-14 06:30:00,0,0
2024-06-14 07:00:00,0,0
2024-06-14 07:30:00,0,0
2024-06-14 08:00:00,0,0
2024-06-14 08:30:00,0,0
2024-06-14 09:00:00,0,0
2024-06-14 09:30:00,1,1
2024-06-14 10:00:00,32,30
2024-06-14 10:30:00,50,47
2024-06-14 11:00:00,50,47
2024-06-14 11:30:00,18,12
2024-06-14 12:00:00,7,0
2024-06-14 12:30:00,7,0
2024-06-14 13:00:00,7,0
2024-06-14 13:30:00,7,0
2024-06-14 14:00:00,7,0
2024-06-14 14:30:00,7,0
2024-06-14 15:00:00,7,0
2024-06-14 15:30:00,7,0
2024-06-14 16:00:00,7,0
2024-06-14 16:30:00,7,0
2024-06-14 17:00:00,7,0
2024-06-14 17:30:00,7,0
2024-06-14 18:00:00,7,0
2024-06-14 18:30:00,7,0
2024-06-14 19:00:00,7,0
2024-06-14 19:30:00,7,0
2024-06-14 20:00:00,7,0
2024-06-14 20:30:00,7,0
2024-06-14 21:00:00,7,0
2024-06-14 21:30:00,7,0
2024-06-14 22:00:00,7,0
2024-06-14 22:30:00,7,0
2024-06-14 23:00:00,7,0
2024-06-14 23:30:00,7,0
2024-06-15 00:00:00,7,0
2024-06-15 00:30:00,0,0
2024-06-15 01:00:00,0,0
2024-06-15 01:30:00,0,0
2024-06-15 02:00:00,0,0
2024-06-15 02:30:00,0,0
2024-06-15 03:00:00,0,0
2024-06-15 03:30:00,0,0
2024-06-15 04:00:00,0,0
2024-06-15 04:30:00,0,0
2024-06-15 05:00:00,0,0
2024-06-15 05:30:00,0,0
2024-06-15 06:00:00,0,0
2024-06-15 06:30:00,0,0
2024-06-15 07:00:00,0,0
2024-06-15 07:30:00,0,0
2024-06-15 08:00:00,0,0
2024-06-15 08:30:00,0,0
2024-06-15 09:00:00,0,0
2024-06-15 09:30:00,0,0
2024-06-15 10:00:00,0,0
2024-06-15 10:30:00,0,0
2024-06-15 11:00:00,0,0
2024-06-15 11:30:00,0,0
2024-06-15 12:00:00,0,0
2024-06-15 12:30:00,0,0
2024-06-15 13:00:00,0,0
2024-06-15 13:30:00,0,0
2024-06-15 14:00:00,0,0
2024-06-15 14:30:00,0,0
2024-06-15 15:00:00,0,0
2024-06-15 15:30:00,0,0
2024-06-15 16:00:00,0,0
2024-06-15 16:30:00,0,0
2024-06-15 17:00:00,0,0
2024-06-15 17:30:00,0,0
2024-06-15 18:00:00,0,0
2024-06-15 18:30:00,0,0
2024-06-15 19:00:00,0,0
2024-06-15 19:30:00,0,0
2024-06-15 20:00:00,0,0
2024-06-15 20:30:00,0,0
2024-06-15 21:00:00,0,0
2024-06-15 21:30:00,0,0
2024-06-15 22:00:00,0,0
2024-06-15 22:30:00,0,0
2024-06-15 23:00:00,0,0
2024-06-15 23:30:00,0,0
2024-06-16 00:00:00,0,0
2024-06-16 00:30:00,0,0
2024-06-16 01:00:00,0,0
2024-06-16 01:30:00,0,0
2024-06-16 02:00:00,0,0
2024-06-16 02:30:00,0,0
2024-06-16 03:00:00,0,0
2024-06-16 03:30:00,0,0
2024-06-16 04:00:00,0,0
2024-06-16 04:30:00,0,0
2024-06-16 05:00:00,0,0
2024-06-16 05:30:00,0,0
2024-06-16 06:00:00,0,0
2024-06-16 06:30:00,0,0
2024-06-16 07:00:00,0,0
2024-06-16 07:30:00,0,0
2024-06-16 08:00:00,0,0
2024-06-16 08:30:00,0,0
2024-06-16 09:00:00,0,0
2024-06-16 09:30:00,0,0
2024-06-16 10:00:00,0,0
2024-06-16 10:30:00,0,0
2024-06-16 11:00:00,0,0
2024-06-16 11:30:00,0,0
2024-06-16 12:00:00,0,0
2024-06-16 12:30:00,0,0
2024-06-16 13:00:00,0,0
2024-06-16 13:30:00,0,0
2024-06-16 14:00:00,0,0
2024-06-16 14:30:00,0,0
2024-06-16 15:00:00,0,0
2024-06-16 15:30:00,0,0
2024-06-16 16:00:00,0,0
2024-06-16 16:30:00,0,0
2024-06-16 17:00:00,0,0
2024-06-16 17:30:00,0,0
2024-06-16 18:00:00,0,0
2024-06-16 18:30:00,0,0
2024-06-16 19:00:00,0,0
2024-06-16 19:30:00,0,0
2024-06-16 20:00:00,0,0
2024-06-16 20:30:00,0,0
2024-06-16 21:00:00,0,0
2024-06-16 21:30:00,0,0
2024-06-16 22:00:00,0,0
2024-06-16 22:30:00,0,0
2024-06-16 23:00:00,0,0
2024-06-16 23:30:00,0,0
2024-06-17 00:00:00,0,0
2024-06-17 00:30:00,0,0
2024-06-17 01:00:00,0,0
2024-06-17 01:30:00,0,0
2024-06-17 02:00:00,0,0
2024-06-17 02:30:00,0,0
2024-06-17 03:00:00,0,0
2024-06-17 03:30:00,0,0
2024-06-17 04:00:00,0,0
2024-06-17 04:30:00,0,0
2024-06-17 05:00:00,0,0
2024-06-17 05:30:00,0,0
2024-06-17 06:00:00,0,0
2024-06-17 06:30:00,0,0
2024-06-17 07:00:00,0,0
2024-06-17 07:30:00,0,0
2024-06-17 08:00:00,0,0
2024-06-17 08:30:00,0,0
2024-06-17 09:00:00,0,0
2024-06-17 09:30:00,3,3
2024-06-17 10:00:00,23,24
2024-06-17 10:30:00,24,25
2024-06-17 11:00:00,12,13
2024-06-17 11:30:00,1,2
2024-06-17 12:00:00,5,6
2024-06-17 12:30:00,5,6
2024-06-17 13:00:00,5,6
2024-06-17 13:30:00,0,1
2024-06-17 14:00:00,-1,0
2024-06-17 14:30:00,-1,0
2024-06-17 15:00:00,-1,0
2024-06-17 15:30:00,1,1
2024-06-17 16:00:00,0,0
2024-06-17 16:30:00,0,0
2024-06-17 17:00:00,0,0
2024-06-17 17:30:00,0,0
2024-06-17 18:00:00,0,0
2024-06-17 18:30:00,0,0
2024-06-17 19:00:00,0,0
2024-06-17 19:30:00,0,0
2024-06-17 20:00:00,0,0
2024-06-17 20:30:00,0,0
2024-06-17 21:00:00,0,0
2024-06-17 21:30:00,0,0
2024-06-17 22:00:00,0,0
2024-06-17 22:30:00,0,0
2024-06-17 23:00:00,0,0
2024-06-17 23:30:00,0,0
2024-06-18 00:00:00,0,0
2024-06-18 00:30:00,0,0
2024-06-18 01:00:00,0,0
2024-06-18 01:30:00,0,0
2024-06-18 02:00:00,0,0
2024-06-18 02:30:00,0,0
2024-06-18 03:00:00,0,0
2024-06-18 03:30:00,0,0
2024-06-18 04:00:00,0,0
2024-06-18 04:30:00,0,0
2024-06-18 05:00:00,0,0
2024-06-18 05:30:00,0,0
2024-06-18 06:00:00,0,0
2024-06-18 06:30:00,0,0
2024-06-18 07:00:00,0,0
2024-06-18 07:30:00,0,0
2024-06-18 08:00:00,3,3
2024-06-18 08:30:00,17,17
2024-06-18 09:00:00,17,17
2024-06-18 09:30:00,6,6
2024-06-18 10:00:00,12,12
2024-06-18 10:30:00,17,17
2024-06-18 11:00:00,13,13
2024-06-18 11:30:00,7,7
2024-06-18 12:00:00,3,3
2024-06-18 12:30:00,4,4
2024-06-18 13:00:00,5,5
2024-06-18 13:30:00,12,12
2024-06-18 14:00:00,16,16
2024-06-18 14:30:00,16,16
2024-06-18 15:00:00,11,11
2024-06-18 15:30:00,12,12
2024-06-18 16:00:00,12,12
2024-06-18 16:30:00,12,12
2024-06-18 17:00:00,5,5
2024-06-18 17:30:00,0,0
2024-06-18 18:00:00,0,0
2024-06-18 18:30:00,0,0
2024-06-18 19:00:00,0,0
2024-06-18 19:30:00,0,0
2024-06-18 20:00:00,0,0
2024-06-18 20:30:00,0,0
2024-06-18 21:00:00,1,0
2024-06-18 21:30:00,1,0
2024-06-18 22:00:00,1,0
2024-06-18 22:30:00,1,0
2024-06-18 23:00:00,1,0
2024-06-18 23:30:00,1,0
2024-06-19 00:00:00,1,0
2024-06-19 00:30:00,0,0
2024-06-19 01:00:00,0,0
2024-06-19 01:30:00,0,0
2024-06-19 02:00:00,0,0
2024-06-19 02:30:00,0,0
2024-06-19 03:00:00,0,0
2024-06-19 03:30:00,0,0
2024-06-19 04:00:00,0,0
2024-06-19 04:30:00,0,0
2024-06-19 05:00:00,0,0
2024-06-19 05:30:00,0,0
2024-06-19 06:00:00,0,0
2024-06-19 06:30:00,0,0
2024-06-19 07:00:00,0,0
2024-06-19 07:30:00,0,0
2024-06-19 08:00:00,8,8
2024-06-19 08:30:00,12,12
2024-06-19 09:00:00,12,12
2024-06-19 09:30:00,10,10
2024-06-19 10:00:00,4,4
2024-06-19 10:30:00,8,8
2024-06-19 11:00:00,8,8
2024-06-19 11:30:00,8,8
2024-06-19 12:00:00,24,23
2024-06-19 12:30:00,27,26
2024-06-19 13:00:00,21,20
2024-06-19 13:30:00,21,20
2024-06-19 14:00:00,20,19
2024-06-19 14:30:00,15,14
2024-06-19 15:00:00,2,0
2024-06-19 15:30:00,2,0
2024-06-19 16:00:00,2,0
2024-06-19 16:30:00,2,0
2024-06-19 17:00:00,2,0
2024-06-19 17:30:00,2,0
2024-06-19 18:00:00,2,0
2024-06-19 18:30:00,2,0
2024-06-19 19:00:00,2,0
2024-06-19 19:30:00,2,0
2024-06-19 20:00:00,2,0
2024-06-19 20:30:00,2,0
2024-06-19 21:00:00,2,0
2024-06-19 21:30:00,2,0
2024-06-19 22:00:00,2,0
2024-06-19 22:30:00,2,0
2024-06-19 23:00:00,2,0
2024-06-19 23:30:00,2,0
2024-06-20 00:00:00,2,0
2024-06-20 00:30:00,0,0
2024-06-20 01:00:00,0,0
2024-06-20 01:30:00,0,0
2024-06-20 02:00:00,0,0
2024-06-20 02:30:00,0,0
2024-06-20 03:00:00,0,0
2024-06-20 03:30:00,0,0
2024-06-20 04:00:00,0,0
2024-06-20 04:30:00,0,0
2024-06-20 05:00:00,0,0
2024-06-20 05:30:00,0,0
2024-06-20 06:00:00,0,0
2024-06-20 06:30:00,0,0
2024-06-20 07:00:00,0,0
2024-06-20 07:30:00,0,0
2024-06-20 08:00:00,2,2
2024-06-20 08:30:00,9,10
2024-06-20 09:00:00,12,13
2024-06-20 09:30:00,12,13
2024-06-20 10:00:00,9,10
2024-06-20 10:30:00,10,11
2024-06-20 11:00:00,10,11
2024-06-20 11:30:00,5,6
2024-06-20 12:00:00,-1,0
2024-06-20 12:30:00,-1,0
2024-06-20 13:00:00,3,4
2024-06-20 13:30:00,27,26
2024-06-20 14:00:00,37,35
2024-06-20 14:30:00,18,15
2024-06-20 15:00:00,12,9
2024-06-20 15:30:00,28,24
2024-06-20 16:00:00,29,25
2024-06-20 16:30:00,28,24
2024-06-20 17:00:00,7,2
2024-06-20 17:30:00,5,0
2024-06-20 18:00:00,5,0
2024-06-20 18:30:00,5,0
2024-06-20 19:00:00,5,0
2024-06-20 19:30:00,6,0
2024-06-20 20:00:00,6,0
2024-06-20 20:30:00,6,0
2024-06-20 21:00:00,6,0
2024-06-20 21:30:00,6,0
2024-06-20 22:00:00,6,0
2024-06-20 22:30:00,6,0
2024-06-20 23:00:00,6,0
2024-06-20 23:30:00,6,0
2024-06-21 00:00:00,6,0
2024-06-21 00:30:00,0,0
2024-06-21 01:00:00,0,0
2024-06-21 01:30:00,0,0
2024-06-21 02:00:00,0,0
2024-06-21 02:30:00,0,0
2024-06-21 03:00:00,0,0
2024-06-21 03:30:00,0,0
2024-06-21 04:00:00,0,0
2024-06-21 04:30:00,0,0
2024-06-21 05:00:00,0,0
2024-06-21 05:30:00,0,0
2024-06-21 06:00:00,0,0
2024-06-21 06:30:00,0,0
2024-06-21 07:00:00,0,0
2024-06-21 07:30:00,0,0
2024-06-21 08:00:00,0,0
2024-06-21 08:30:00,0,0
2024-06-21 09:00:00,0,0
2024-06-21 09:30:00,0,0
2024-06-21 10:00:00,0,0
2024-06-21 10:30:00,0,0
2024-06-21 11:00:00,0,0
2024-06-21 11:30:00,0,0
2024-06-21 12:00:00,0,0
2024-06-21 12:30:00,0,0
2024-06-21 13:00:00,0,0
2024-06-21 13:30:00,0,0
2024-06-21 14:00:00,0,0
2024-06-21 14:30:00,0,0
2024-06-21 15:00:00,0,0
2024-06-21 15:30:00,0,0
2024-06-21 16:00:00,0,0
2024-06-21 16:30:00,0,0
2024-06-21 17:00:00,0,0
2024-06-21 17:30:00,0,0
2024-06-21 18:00:00,0,0
2024-06-21 18:30:00,0,0
2024-06-21 19:00:00,1,0
2024-06-21 19:30:00,1,0
2024-06-21 20:00:00,1,0
2024-06-21 20:30:00,1,0
2024-06-21 21:00:00,1,0
2024-06-21 21:30:00,1,0
2024-06-21 22:00:00,1,0
2024-06-21 22:30:00,1,0
2024-06-21 23:00:00,1,0
2024-06-21 23:30:00,1,0
2024-06-22 00:00:00,1,0
2024-06-22 00:30:00,0,0
2024-06-22 01:00:00,0,0
2024-06-22 01:30:00,0,0
2024-06-22 02:00:00,0,0
2024-06-22 02:30:00,0,0
2024-06-22 03:00:00,0,0
2024-06-22 03:30:00,0,0
2024-06-22 04:00:00,0,0
2024-06-22 04:30:00,0,0
2024-06-22 05:00:00,0,0
2024-06-22 05:30:00,0,0
2024-06-22 06:00:00,0,0
2024-06-22 06:30:00,0,0
2024-06-22 07:00:00,0,0
2024-06-22 07:30:00,0,0
2024-06-22 08:00:00,0,0
2024-06-22 08:30:00,0,0
2024-06-22 09:00:00,0,0
2024-06-22 09:30:00,0,0
2024-06-22 10:00:00,0,0
2024-06-22 10:30:00,0,0
2024-06-22 11:00:00,0,0
2024-06-22 11:30:00,0,0
2024-06-22 12:00:00,0,0
2024-06-22 12:30:00,0,0
2024-06-22 13:00:00,0,0
2024-06-22 13:30:00,0,0
2024-06-22 14:00:00,0,0
2024-06-22 14:30:00,0,0
2024-06-22 15:00:00,0,0
2024-06-22 15:30:00,0,0
2024-06-22 16:00:00,0,0
2024-06-22 16:30:00,0,0
2024-06-22 17:00:00,0,0
2024-06-22 17:30:00,0,0
2024-06-22 18:00:00,0,0
2024-06-22 18:30:00,0,0
2024-06-22 19:00:00,0,0
2024-06-22 19:30:00,0,0
2024-06-22 20:00:00,0,0
2024-06-22 20:30:00,0,0
2024-06-22 21:00:00,0,0
2024-06-22 21:30:00,0,0
2024-06-22 22:00:00,0,0
2024-06-22 22:30:00,0,0
2024-06-22 23:00:00,0,0
2024-06-22 23:30:00,0,0
2024-06-23 00:00:00,0,0
2024-06-23 00:30:00,0,0
2024-06-23 01:00:00,0,0
2024-06-23 01:30:00,0,0
2024-06-23 02:00:00,0,0
2024-06-23 02:30:00,0,0
2024-06-23 03:00:00,0,0
2024-06-23 03:30:00,0,0
2024-06-23 04:00:00,0,0
2024-06-23 04:30:00,0,0
2024-06-23 05:00:00,0,0
2024-06-23 05:30:00,0,0
2024-06-23 06:00:00,0,0
2024-06-23 06:30:00,0,0
2024-06-23 07:00:00,0,0
2024-06-23 07:30:00,0,0
2024-06-23 08:00:00,0,0
2024-06-23 08:30:00,0,0
2024-06-23 09:00:00,0,0
2024-06-23 09:30:00,0,0
2024-06-23 10:00:00,0,0
2024-06-23 10:30:00,0,0
2024-06-23 11:00:00,0,0
2024-06-23 11:30:00,0,0
2024-06-23 12:00:00,0,0
2024-06-23 12:30:00,0,0
2024-06-23 13:00:00,0,0
2024-06-23 13:30:00,0,0
2024-06-23 14:00:00,0,0
2024-06-23 14:30:00,0,0
2024-06-23 15:00:00,0,0
2024-06-23 15:30:00,0,0
2024-06-23 16:00:00,0,0
2024-06-23 16:30:00,0,0
2024-06-23 17:00:00,0,0
2024-06-23 17:30:00,0,0
2024-06-23 18:00:00,0,0
2024-06-23 18:30:00,0,0
2024-06-23 19:00:00,0,0
2024-06-23 19:30:00,0,0
2024-06-23 20:00:00,0,0
2024-06-23 20:30:00,0,0
2024-06-23 21:00:00,0,0
2024-06-23 21:30:00,0,0
2024-06-23 22:00:00,0,0
2024-06-23 22:30:00,0,0
2024-06-23 23:00:00,0,0
2024-06-23 23:30:00,0,0
2024-06-24 00:00:00,0,0
2024-06-24 00:30:00,0,0
2024-06-24 01:00:00,0,0
2024-06-24 01:30:00,0,0
2024-06-24 02:00:00,0,0
2024-06-24 02:30:00,0,0
2024-06-24 03:00:00,0,0
2024-06-24 03:30:00,0,0
2024-06-24 04:00:00,0,0
2024-06-24 04:30:00,0,0
2024-06-24 05:00:00,0,0
2024-06-24 05:30:00,0,0
2024-06-24 06:00:00,0,0
2024-06-24 06:30:00,0,0
2024-06-24 07:00:00,0,0
2024-06-24 07:30:00,0,0
2024-06-24 08:00:00,5,4
2024-06-24 08:30:00,26,23
2024-06-24 09:00:00,32,28
2024-06-24 09:30:00,33,29
2024-06-24 10:00:00,20,15
2024-06-24 10:30:00,28,22
2024-06-24 11:00:00,26,20
2024-06-24 11:30:00,19,12
2024-06-24 12:00:00,16,9
2024-06-24 12:30:00,16,9
2024-06-24 13:00:00,14,7
2024-06-24 13:30:00,9,2
2024-06-24 14:00:00,9,2
2024-06-24 14:30:00,9,2
2024-06-24 15:00:00,9,2
2024-06-24 15:30:00,9,2
2024-06-24 16:00:00,9,2
2024-06-24 16:30:00,9,2
2024-06-24 17:00:00,9,2
2024-06-24 17:30:00,9,2
2024-06-24 18:00:00,9,2
2024-06-24 18:30:00,9,2
2024-06-24 19:00:00,9,2
2024-06-24 19:30:00,9,2
2024-06-24 20:00:00,8,1
2024-06-24 20:30:00,7,0
2024-06-24 21:00:00,7,0
2024-06-24 21:30:00,7,0
2024-06-24 22:00:00,7,0
2024-06-24 22:30:00,7,0
2024-06-24 23:00:00,7,0
2024-06-24 23:30:00,7,0
2024-06-25 00:00:00,7,0
2024-06-25 00:30:00,0,0
2024-06-25 01:00:00,0,0
2024-06-25 01:30:00,0,0
2024-06-25 02:00:00,0,0
2024-06-25 02:30:00,0,0
2024-06-25 03:00:00,0,0
2024-06-25 03:30:00,0,0
2024-06-25 04:00:00,0,0
2024-06-25 04:30:00,0,0
2024-06-25 05:00:00,0,0
2024-06-25 05:30:00,0,0
2024-06-25 06:00:00,0,0
2024-06-25 06:30:00,0,0
2024-06-25 07:00:00,0,0
2024-06-25 07:30:00,0,0
2024-06-25 08:00:00,2,2
2024-06-25 08:30:00,5,5
2024-06-25 09:00:00,5,5
2024-06-25 09:30:00,28,31
2024-06-25 10:00:00,40,44
2024-06-25 10:30:00,35,40
2024-06-25 11:00:00,3,11
2024-06-25 11:30:00,-9,0
2024-06-25 12:00:00,9,19
2024-06-25 12:30:00,11,21
2024-06-25 13:00:00,11,21
2024-06-25 13:30:00,2,13
2024-06-25 14:00:00,-1,10
2024-06-25 14:30:00,-7,5
2024-06-25 15:00:00,-13,0
2024-06-25 15:30:00,-13,0
2024-06-25 16:00:00,-13,0
2024-06-25 16:30:00,-13,0
2024-06-25 17:00:00,-13,0
2024-06-25 17:30:00,-13,0
2024-06-25 18:00:00,-13,0
2024-06-25 18:30:00,-13,0
2024-06-25 19:00:00,-13,0
2024-06-25 19:30:00,-13,0
2024-06-25 20:00:00,-13,0
2024-06-25 20:30:00,-13,0
2024-06-25 21:00:00,-13,0
2024-06-25 21:30:00,-13,0
2024-06-25 22:00:00,-13,0
2024-06-25 22:30:00,-13,0
2024-06-25 23:00:00,-13,0
2024-06-25 23:30:00,-13,0
2024-06-26 00:00:00,-13,0
2024-06-26 00:30:00,0,0
2024-06-26 01:00:00,0,0
2024-06-26 01:30:00,0,0
2024-06-26 02:00:00,0,0
2024-06-26 02:30:00,0,0
2024-06-26 03:00:00,0,0
2024-06-26 03:30:00,0,0
2024-06-26 04:00:00,0,0
2024-06-26 04:30:00,0,0
2024-06-26 05:00:00,0,0
2024-06-26 05:30:00,0,0
2024-06-26 06:00:00,0,0
2024-06-26 06:30:00,0,0
2024-06-26 07:00:00,0,0
2024-06-26 07:30:00,1,0
2024-06-26 08:00:00,29,31
2024-06-26 08:30:00,51,55
2024-06-26 09:00:00,49,53
2024-06-26 09:30:00,44,49
2024-06-26 10:00:00,2,12
2024-06-26 10:30:00,2,12
2024-06-26 11:00:00,0,10
2024-06-26 11:30:00,3,13
2024-06-26 12:00:00,13,24
2024-06-26 12:30:00,14,25
2024-06-26 13:00:00,14,25
2024-06-26 13:30:00,14,25
2024-06-26 14:00:00,8,20
2024-06-26 14:30:00,-14,0
2024-06-26 15:00:00,-14,0
2024-06-26 15:30:00,-14,0
2024-06-26 16:00:00,-14,0
2024-06-26 16:30:00,-14,0
2024-06-26 17:00:00,-14,0
2024-06-26 17:30:00,-14,0
2024-06-26 18:00:00,-13,0
2024-06-26 18:30:00,-13,0
2024-06-26 19:00:00,-13,0
2024-06-26 19:30:00,-13,0
2024-06-26 20:00:00,-13,0
2024-06-26 20:30:00,-13,0
2024-06-26 21:00:00,-13,0
2024-06-26 21:30:00,-13,0
2024-06-26 22:00:00,-13,0
2024-06-26 22:30:00,-13,0
2024-06-26 23:00:00,-13,0
2024-06-26 23:30:00,-13,0
2024-06-27 00:00:00,-13,0
2024-06-27 00:30:00,0,0
2024-06-27 01:00:00,0,0
2024-06-27 01:30:00,0,0
2024-06-27 02:00:00,0,0
2024-06-27 02:30:00,0,0
2024-06-27 03:00:00,0,0
2024-06-27 03:30:00,0,0
2024-06-27 04:00:00,0,0
2024-06-27 04:30:00,0,0
2024-06-27 05:00:00,0,0
2024-06-27 05:30:00,0,0
2024-06-27 06:00:00,0,0
2024-06-27 06:30:00,0,0
2024-06-27 07:00:00,0,0
2024-06-27 07:30:00,0,0
2024-06-27 08:00:00,4,4
2024-06-27 08:30:00,20,21
2024-06-27 09:00:00,24,25
2024-06-27 09:30:00,24,25
2024-06-27 10:00:00,3,5
2024-06-27 10:30:00,7,9
2024-06-27 11:00:00,7,9
2024-06-27 11:30:00,5,7
2024-06-27 12:00:00,0,2
2024-06-27 12:30:00,2,4
2024-06-27 13:00:00,12,14
2024-06-27 13:30:00,27,30
2024-06-27 14:00:00,29,32
2024-06-27 14:30:00,4,8
2024-06-27 15:00:00,7,11
2024-06-27 15:30:00,20,25
2024-06-27 16:00:00,18,23
2024-06-27 16:30:00,6,11
2024-06-27 17:00:00,-3,2
2024-06-27 17:30:00,-4,1
2024-06-27 18:00:00,-4,1
2024-06-27 18:30:00,-4,1
2024-06-27 19:00:00,-4,1
2024-06-27 19:30:00,-4,1
2024-06-27 20:00:00,-4,1
2024-06-27 20:30:00,-4,1
2024-06-27 21:00:00,-5,0
2024-06-27 21:30:00,-5,0
2024-06-27 22:00:00,-5,0
2024-06-27 22:30:00,-5,0
2024-06-27 23:00:00,-5,0
2024-06-27 23:30:00,-5,0
2024-06-28 00:00:00,-5,0
2024-06-28 00:30:00,0,0
2024-06-28 01:00:00,0,0
2024-06-28 01:30:00,0,0
2024-06-28 02:00:00,0,0
2024-06-28 02:30:00,0,0
2024-06-28 03:00:00,0,0
2024-06-28 03:30:00,0,0
2024-06-28 04:00:00,0,0
2024-06-28 04:30:00,0,0
2024-06-28 05:00:00,0,0
2024-06-28 05:30:00,0,0
2024-06-28 06:00:00,0,0
2024-06-28 06:30:00,0,0
2024-06-28 07:00:00,0,0
2024-06-28 07:30:00,1,0
2024-06-28 08:00:00,10,9
2024-06-28 08:30:00,19,18
2024-06-28 09:00:00,16,15
2024-06-28 09:30:00,16,15
2024-06-28 10:00:00,3,2
2024-06-28 10:30:00,1,0
2024-06-28 11:00:00,1,0
2024-06-28 11:30:00,1,0
2024-06-28 12:00:00,1,0
2024-06-28 12:30:00,1,0
2024-06-28 13:00:00,1,0
2024-06-28 13:30:00,1,0
2024-06-28 14:00:00,1,0
2024-06-28 14:30:00,1,0
2024-06-28 15:00:00,1,0
2024-06-28 15:30:00,1,0
2024-06-28 16:00:00,1,0
2024-06-28 16:30:00,1,0
2024-06-28 17:00:00,1,0
2024-06-28 17:30:00,1,0
2024-06-28 18:00:00,1,0
2024-06-28 18:30:00,1,0
2024-06-28 19:00:00,1,0
2024-06-28 19:30:00,1,0
2024-06-28 20:00:00,1,0
2024-06-28 20:30:00,3,1
2024-06-28 21:00:00,3,0
2024-06-28 21:30:00,3,0
2024-06-28 22:00:00,3,0
2024-06-28 22:30:00,3,0
2024-06-28 23:00:00,3,0
2024-06-28 23:30:00,3,0
2024-06-29 00:00:00,3,0
