Artificial Intelligence,B1 - Bachelor 1. Jahr,B2 - Bachelor 2. Jahr,B3 - Bachelor 3. Jahr,Betriebswirtschaftslehre,Biologische Chemie,Chemie,D - Diplom,Informatik,Informationselektronik,KS,Kunststofftechnik,M1 - Master 1. Jahr,M2 - Master 2. Jahr,Maschinenbau,Mathematik,Mechatronik,Medical Engineering,None_level,None_sa,PÃ¤dagogik,Rechtswissenschaften,Sozialwissenschaften,Statistik,UE,VL,Volkswirtschaftslehre,Wirtschaftsinformatik,calendarweek,calendarweek1,calendarweek2,coursenumber,ects,endtime,endtime1,endtime2,exam,occcount,occrate,registered,roomcapacity,roomid,starttime,starttime1,starttime2,test,tutorium,weekday,weekday1,weekday2
0,1,0,0,0,0,0,0,0,0,1,0,0,0,0,0,0,0,0,0,0,0,0,1,0,0,0,0,15,0.9709,-0.2393,238.302,3.0,2024-04-08 11:45:00,0.0654,-0.9979,False,44,0.3826086956521739,115,152,1,2024-04-08 10:15:00,0.4423,-0.8969,False,False,Mo.,0.0,1.0
0,0,0,0,0,0,0,0,0,0,0,0,1,0,0,0,0,0,0,0,0,0,0,0,0,1,0,1,15,0.9709,-0.2393,258.410,3.0,2024-04-08 13:30:00,-0.3827,-0.9239,False,63,0.37058823529411766,170,164,0,2024-04-08 12:00:00,0.0,-1.0,False,False,Mo.,0.0,1.0
0,1,0,0,0,0,0,0,0,0,1,0,0,0,0,0,0,0,0,0,0,0,1,0,0,0,0,0,15,0.9709,-0.2393,231.115,3.0,2024-04-08 13:30:00,-0.3827,-0.9239,False,32,0.4444444444444444,72,152,1,2024-04-08 12:00:00,0.0,-1.0,False,False,Mo.,0.0,1.0
0,0,0,0,0,0,0,1,0,0,1,0,0,0,0,0,0,0,0,0,0,1,0,0,0,0,0,0,15,0.9709,-0.2393,190.035,3.0,2024-04-08 15:15:00,-0.7518,-0.6593,False,13,0.203125,64,152,1,2024-04-08 13:45:00,-0.4423,-0.8969,False,False,Mo.,0.0,1.0
0,0,0,0,0,0,0,1,0,0,0,0,0,0,0,0,0,0,0,0,0,0,1,0,0,1,0,0,15,0.9709,-0.2393,136.309,3.0,2024-04-08 15:15:00,-0.7518,-0.6593,False,31,0.3163265306122449,98,164,0,2024-04-08 13:45:00,-0.4423,-0.8969,False,False,Mo.,0.0,1.0
0,1,0,0,0,0,0,0,0,0,1,0,0,0,0,0,0,0,0,0,0,0,0,1,0,0,0,0,15,0.9709,-0.2393,238.213,3.0,2024-04-08 17:00:00,-0.9659,-0.2588,False,33,0.20625,160,164,0,2024-04-08 15:30:00,-0.7934,-0.6088,False,False,Mo.,0.0,1.0
0,0,0,0,0,0,0,1,0,0,0,0,0,0,0,0,0,0,0,0,0,1,0,0,0,1,0,0,15,0.9709,-0.2393,140.004,0.5,2024-04-08 18:00:00,-1.0,-0.0,False,15,0.12605042016806722,119,152,1,2024-04-08 15:30:00,-0.7934,-0.6088,False,False,Mo.,0.0,1.0
0,0,1,0,0,0,0,0,0,0,0,0,0,0,0,0,1,0,0,0,0,0,0,0,0,1,0,0,15,0.9709,-0.2393,360.001,4.5,2024-04-08 18:45:00,-0.9808,0.1951,False,6,0.049586776859504134,121,164,0,2024-04-08 17:15:00,-0.9808,-0.1951,False,True,Mo.,0.0,1.0
0,0,1,0,0,0,0,0,0,0,0,0,0,0,0,0,1,0,0,0,0,0,0,0,0,1,0,0,15,0.9709,-0.2393,361.001,4.5,2024-04-09 10:00:00,0.5,-0.866,False,35,0.26515151515151514,132,164,0,2024-04-09 08:30:00,0.7934,-0.6088,False,False,Di.,0.78,0.62
0,0,1,0,0,0,0,0,1,0,0,0,0,0,0,0,0,0,0,0,0,0,0,0,0,1,0,0,15,0.9709,-0.2393,366.560,3.0,2024-04-09 10:00:00,0.5,-0.866,False,24,0.16216216216216217,148,152,1,2024-04-09 08:30:00,0.7934,-0.6088,False,False,Di.,0.78,0.62
0,1,0,0,0,0,0,0,1,0,0,0,0,0,0,0,0,0,0,0,0,0,0,0,0,1,0,0,15,0.9709,-0.2393,340.100,3.0,2024-04-09 11:45:00,0.0654,-0.9979,False,50,0.25773195876288657,194,164,0,2024-04-09 10:15:00,0.4423,-0.8969,False,False,Di.,0.78,0.62
0,0,1,0,0,0,0,0,0,0,0,0,0,0,0,0,1,0,0,0,0,0,0,0,0,1,0,0,15,0.9709,-0.2393,360.001,4.5,2024-04-09 11:45:00,0.0654,-0.9979,False,30,0.24793388429752067,121,152,1,2024-04-09 10:15:00,0.4423,-0.8969,False,False,Di.,0.78,0.62
0,0,1,0,1,0,0,0,0,0,0,0,0,0,0,0,0,0,0,0,0,0,0,0,0,1,0,0,15,0.9709,-0.2393,259.002,3.0,2024-04-09 13:30:00,-0.3827,-0.9239,False,47,0.21076233183856502,223,164,0,2024-04-09 12:00:00,0.0,-1.0,False,False,Di.,0.78,0.62
0,1,0,0,0,0,0,0,0,0,0,0,0,0,0,0,0,1,0,0,0,0,0,0,0,1,0,0,15,0.9709,-0.2393,382.037,6.0,2024-04-09 15:15:00,-0.7518,-0.6593,False,28,0.2014388489208633,139,152,1,2024-04-09 12:00:00,0.0,-1.0,False,False,Di.,0.78,0.62
0,0,0,1,0,0,0,0,1,0,0,0,0,0,0,0,0,0,0,0,0,0,0,0,0,1,0,0,15,0.9709,-0.2393,364.000,3.0,2024-04-09 15:15:00,-0.7518,-0.6593,False,33,0.1783783783783784,185,164,0,2024-04-09 13:45:00,-0.4423,-0.8969,False,False,Di.,0.78,0.62
0,0,0,1,0,0,0,0,1,0,0,0,0,0,0,0,0,0,0,0,0,0,0,0,0,1,0,0,15,0.9709,-0.2393,340.400,3.0,2024-04-09 17:00:00,-0.9659,-0.2588,False,19,0.1357142857142857,140,164,0,2024-04-09 15:30:00,-0.7934,-0.6088,False,False,Di.,0.78,0.62
0,1,0,0,0,0,0,0,0,0,1,0,0,0,0,0,0,0,0,0,0,0,1,0,0,0,0,0,15,0.9709,-0.2393,229.054,6.0,2024-04-09 18:00:00,-1.0,-0.0,False,40,0.2898550724637681,138,152,1,2024-04-09 15:30:00,-0.7934,-0.6088,False,False,Di.,0.78,0.62
0,1,0,0,0,0,0,0,0,0,0,0,0,0,1,0,0,0,0,0,0,0,0,0,0,1,0,0,15,0.9709,-0.2393,371.000,3.0,2024-04-10 10:00:00,0.5,-0.866,False,41,0.27702702702702703,148,164,0,2024-04-10 08:30:00,0.7934,-0.6088,False,False,Mi.,0.97,-0.22
0,0,0,0,0,0,0,0,0,0,0,0,0,0,0,0,0,0,1,1,0,0,0,0,0,1,0,0,15,0.9709,-0.2393,531.170,2.0,2024-04-10 11:45:00,0.0654,-0.9979,False,44,0.4536082474226804,97,164,0,2024-04-10 10:15:00,0.4423,-0.8969,False,False,Mi.,0.97,-0.22
0,0,0,0,0,0,0,0,0,0,1,0,1,0,0,1,0,0,0,0,0,0,0,0,0,0,0,0,15,0.9709,-0.2393,327.029,6.0,2024-04-10 11:45:00,0.0654,-0.9979,False,33,0.3473684210526316,95,152,1,2024-04-10 10:15:00,0.4423,-0.8969,False,False,Mi.,0.97,-0.22
0,0,0,1,0,0,0,0,0,0,0,0,0,0,0,1,0,0,0,0,0,0,0,0,0,1,0,0,15,0.9709,-0.2393,325.004,3.0,2024-04-10 11:45:00,0.0654,-0.9979,False,44,2.2,20,164,0,2024-04-10 10:15:00,0.4423,-0.8969,False,False,Mi.,0.97,-0.22
0,0,0,0,0,0,0,0,1,0,1,0,1,0,0,0,0,0,0,0,0,0,0,0,0,0,0,0,15,0.9709,-0.2393,259.022,4.5,2024-04-10 14:30:00,-0.6088,-0.7934,False,35,0.5645161290322581,62,152,1,2024-04-10 12:00:00,0.0,-1.0,False,False,Mi.,0.97,-0.22
0,0,1,0,0,0,0,0,0,0,0,0,0,0,0,0,0,0,0,0,0,0,0,0,0,1,0,1,15,0.9709,-0.2393,258.300,3.0,2024-04-10 13:30:00,-0.3827,-0.9239,False,10,0.07575757575757576,132,164,0,2024-04-10 12:00:00,0.0,-1.0,False,False,Mi.,0.97,-0.22
0,1,0,0,0,0,0,0,0,0,0,0,0,0,0,0,0,0,0,0,0,0,0,0,0,1,0,1,15,0.9709,-0.2393,257.200,3.0,2024-04-10 15:15:00,-0.7518,-0.6593,False,18,0.11842105263157894,152,164,0,2024-04-10 13:45:00,-0.4423,-0.8969,False,False,Mi.,0.97,-0.22
1,1,0,0,0,0,0,0,0,0,0,0,0,0,0,0,0,0,0,0,0,0,0,0,1,0,0,0,15,0.9709,-0.2393,365.232,1.5,2024-04-10 15:15:00,-0.7518,-0.6593,False,36,0.782608695652174,46,152,1,2024-04-10 14:30:00,-0.6088,-0.7934,False,False,Mi.,0.97,-0.22
0,1,0,0,0,0,0,0,0,0,0,0,0,0,0,0,0,0,0,0,0,0,0,0,1,0,0,1,15,0.9709,-0.2393,257.214,3.0,2024-04-10 17:00:00,-0.9659,-0.2588,False,20,0.6451612903225806,31,164,0,2024-04-10 15:30:00,-0.7934,-0.6088,False,False,Mi.,0.97,-0.22
0,1,0,0,0,0,0,0,0,0,0,0,0,0,0,0,0,0,0,0,0,0,0,0,1,0,0,1,15,0.9709,-0.2393,257.213,3.0,2024-04-10 17:00:00,-0.9659,-0.2588,False,20,1.25,16,164,0,2024-04-10 15:30:00,-0.7934,-0.6088,False,False,Mi.,0.97,-0.22
0,1,0,0,0,0,0,0,0,0,0,0,0,0,0,0,0,0,0,0,0,0,0,0,1,0,0,1,15,0.9709,-0.2393,257.211,3.0,2024-04-10 17:00:00,-0.9659,-0.2588,False,20,0.6666666666666666,30,164,0,2024-04-10 15:30:00,-0.7934,-0.6088,False,False,Mi.,0.97,-0.22
0,0,0,1,0,0,0,0,0,0,1,0,0,0,0,0,0,0,0,0,0,0,1,0,0,0,0,0,15,0.9709,-0.2393,256.600,3.0,2024-04-10 18:45:00,-0.9808,0.1951,False,34,0.22077922077922077,154,164,0,2024-04-10 17:15:00,-0.9808,-0.1951,False,False,Mi.,0.97,-0.22
0,0,1,0,0,0,0,0,0,0,0,0,0,0,1,0,0,0,0,0,0,0,0,0,0,1,0,0,15,0.9709,-0.2393,358.001,3.0,2024-04-11 10:00:00,0.5,-0.866,False,17,0.1440677966101695,118,152,1,2024-04-11 08:30:00,0.7934,-0.6088,False,False,Do.,0.43,-0.9
0,1,0,0,0,0,0,0,0,0,0,0,0,0,1,0,0,0,0,0,0,0,0,0,0,1,0,0,15,0.9709,-0.2393,371.000,3.0,2024-04-11 10:00:00,0.5,-0.866,False,41,0.27702702702702703,148,164,0,2024-04-11 08:30:00,0.7934,-0.6088,False,False,Do.,0.43,-0.9
0,0,0,0,0,0,0,0,0,0,0,0,0,0,0,0,0,0,1,1,0,0,0,0,0,1,0,0,15,0.9709,-0.2393,531.120,4.0,2024-04-11 11:45:00,0.0654,-0.9979,False,37,0.3627450980392157,102,164,0,2024-04-11 10:15:00,0.4423,-0.8969,False,False,Do.,0.43,-0.9
0,0,0,0,0,0,0,0,0,0,1,0,1,0,0,1,0,0,0,0,0,0,0,0,0,0,0,0,15,0.9709,-0.2393,327.029,6.0,2024-04-11 11:45:00,0.0654,-0.9979,False,17,0.17894736842105263,95,152,1,2024-04-11 10:15:00,0.4423,-0.8969,False,False,Do.,0.43,-0.9
0,0,0,0,0,0,0,0,0,0,0,0,0,0,0,0,0,0,1,1,0,0,0,0,0,1,0,0,15,0.9709,-0.2393,531.120,4.0,2024-04-11 13:30:00,-0.3827,-0.9239,False,4,0.0392156862745098,102,164,0,2024-04-11 12:00:00,0.0,-1.0,False,True,Do.,0.43,-0.9
0,0,0,0,0,0,0,0,0,0,1,0,0,0,0,0,0,0,1,1,0,0,0,0,0,0,0,0,15,0.9709,-0.2393,531.240,3.0,2024-04-11 14:30:00,-0.6088,-0.7934,False,44,1.4666666666666666,30,152,1,2024-04-11 13:45:00,-0.4423,-0.8969,False,False,Do.,0.43,-0.9
0,0,0,0,0,0,0,0,0,0,1,0,0,0,0,0,0,0,1,1,0,0,0,0,0,0,0,0,15,0.9709,-0.2393,531.242,3.0,2024-04-11 14:30:00,-0.6088,-0.7934,False,44,3.142857142857143,14,152,1,2024-04-11 13:45:00,-0.4423,-0.8969,False,False,Do.,0.43,-0.9
0,0,0,0,0,0,0,0,0,0,1,0,0,0,0,0,0,0,1,1,0,0,0,0,0,0,0,0,15,0.9709,-0.2393,531.241,3.0,2024-04-11 14:30:00,-0.6088,-0.7934,False,44,4.4,10,152,1,2024-04-11 13:45:00,-0.4423,-0.8969,False,False,Do.,0.43,-0.9
0,0,0,0,0,0,0,0,0,0,0,0,0,0,0,0,0,0,1,1,0,0,0,0,0,1,0,0,15,0.9709,-0.2393,531.208,4.0,2024-04-11 15:15:00,-0.7518,-0.6593,False,10,0.13157894736842105,76,164,0,2024-04-11 13:45:00,-0.4423,-0.8969,False,False,Do.,0.43,-0.9
0,0,0,0,0,0,0,0,0,0,1,0,0,0,0,0,0,0,1,1,0,0,0,0,0,0,0,0,15,0.9709,-0.2393,531.240,3.0,2024-04-11 15:15:00,-0.7518,-0.6593,False,44,1.4666666666666666,30,152,1,2024-04-11 14:30:00,-0.6088,-0.7934,False,False,Do.,0.43,-0.9
0,1,0,0,0,0,0,0,1,0,0,0,0,0,0,0,0,0,0,0,0,0,0,0,0,1,0,0,15,0.9709,-0.2393,339.170,3.0,2024-04-11 17:00:00,-0.9659,-0.2588,False,43,0.39814814814814814,108,152,1,2024-04-11 15:30:00,-0.7934,-0.6088,False,False,Do.,0.43,-0.9
0,0,0,0,0,0,0,0,0,0,1,0,0,0,0,0,0,0,1,1,0,0,0,0,0,0,0,0,15,0.9709,-0.2393,150.004,2.0,2024-04-11 18:45:00,-0.9808,0.1951,False,46,0.46,100,164,0,2024-04-11 15:30:00,-0.7934,-0.6088,False,False,Do.,0.43,-0.9
0,0,1,0,0,0,0,0,0,0,1,0,0,0,0,0,0,0,0,0,0,1,0,0,0,0,0,0,15,0.9709,-0.2393,190.300,4.5,2024-04-11 19:45:00,-0.8969,0.4423,False,38,0.3220338983050847,118,152,1,2024-04-11 17:15:00,-0.9808,-0.1951,False,False,Do.,0.43,-0.9
0,0,0,0,0,0,0,1,0,0,1,0,0,0,0,0,0,0,0,0,0,1,0,0,0,0,0,0,15,0.9709,-0.2393,243.115,6.0,2024-04-12 11:45:00,0.0654,-0.9979,False,19,0.14074074074074075,135,164,0,2024-04-12 08:30:00,0.7934,-0.6088,False,False,Fr.,-0.43,-0.9
0,0,1,0,0,0,0,0,0,0,0,0,0,0,0,0,1,0,0,0,0,0,0,0,0,1,0,0,15,0.9709,-0.2393,361.001,4.5,2024-04-12 10:00:00,0.5,-0.866,False,34,0.25757575757575757,132,152,1,2024-04-12 08:30:00,0.7934,-0.6088,False,False,Fr.,-0.43,-0.9
0,1,0,0,0,0,0,0,0,0,0,0,0,0,0,0,0,1,0,0,0,0,0,0,0,1,0,0,15,0.9709,-0.2393,383.028,3.0,2024-04-12 13:30:00,-0.3827,-0.9239,False,37,0.23717948717948717,156,152,1,2024-04-12 12:00:00,0.0,-1.0,False,False,Fr.,-0.43,-0.9
0,0,0,0,0,0,0,0,1,0,1,0,1,0,0,0,0,0,0,0,0,0,0,0,0,0,0,0,15,0.9709,-0.2393,339.341,1.5,2024-04-12 18:00:00,-1.0,-0.0,False,61,0.5126050420168067,119,164,0,2024-04-12 12:00:00,0.0,-1.0,False,False,Fr.,-0.43,-0.9
0,0,0,0,0,0,0,0,1,0,1,0,1,0,0,0,0,0,0,0,0,0,0,0,0,0,0,0,15,0.9709,-0.2393,339.341,1.5,2024-04-13 12:45:00,-0.1951,-0.9808,False,46,0.3865546218487395,119,164,0,2024-04-13 08:30:00,0.7934,-0.6088,False,False,Sa.,-0.97,-0.22
0,0,0,0,0,0,0,0,0,0,0,0,0,0,0,0,0,0,1,1,0,0,0,0,0,1,0,0,16,0.935,-0.3546,367.145,3.0,2024-04-15 11:45:00,0.0654,-0.9979,False,4,2.0,2,164,0,2024-04-15 08:30:00,0.7934,-0.6088,False,False,Mo.,0.0,1.0
0,1,0,0,0,0,0,0,0,0,1,0,0,0,0,0,0,0,0,0,0,0,0,1,0,0,0,0,16,0.935,-0.3546,238.302,3.0,2024-04-15 11:45:00,0.0654,-0.9979,False,8,0.06956521739130435,115,152,1,2024-04-15 10:15:00,0.4423,-0.8969,False,False,Mo.,0.0,1.0
0,0,0,0,0,0,0,0,0,0,0,0,1,0,0,0,0,0,0,0,0,0,0,0,0,1,0,1,16,0.935,-0.3546,258.410,3.0,2024-04-15 13:30:00,-0.3827,-0.9239,False,50,0.29411764705882354,170,164,0,2024-04-15 12:00:00,0.0,-1.0,False,False,Mo.,0.0,1.0
0,1,0,0,0,0,0,0,0,0,1,0,0,0,0,0,0,0,0,0,0,0,1,0,0,0,0,0,16,0.935,-0.3546,231.115,3.0,2024-04-15 13:30:00,-0.3827,-0.9239,False,22,0.3055555555555556,72,152,1,2024-04-15 12:00:00,0.0,-1.0,False,False,Mo.,0.0,1.0
0,0,0,0,0,0,0,1,0,0,0,0,0,0,0,0,0,0,0,0,0,0,1,0,0,1,0,0,16,0.935,-0.3546,136.309,3.0,2024-04-15 15:15:00,-0.7518,-0.6593,False,17,0.17346938775510204,98,164,0,2024-04-15 13:45:00,-0.4423,-0.8969,False,False,Mo.,0.0,1.0
0,0,0,0,0,0,0,1,0,0,1,0,0,0,0,0,0,0,0,0,0,1,0,0,0,0,0,0,16,0.935,-0.3546,190.035,3.0,2024-04-15 15:15:00,-0.7518,-0.6593,False,30,0.46875,64,152,1,2024-04-15 13:45:00,-0.4423,-0.8969,False,False,Mo.,0.0,1.0
0,1,0,0,0,0,0,0,0,0,1,0,0,0,0,0,0,0,0,0,0,0,0,1,0,0,0,0,16,0.935,-0.3546,238.213,3.0,2024-04-15 17:00:00,-0.9659,-0.2588,False,26,0.1625,160,164,0,2024-04-15 15:30:00,-0.7934,-0.6088,False,False,Mo.,0.0,1.0
0,0,0,0,0,0,0,1,0,0,0,0,0,0,0,0,0,0,0,0,0,1,0,0,0,1,0,0,16,0.935,-0.3546,140.004,0.5,2024-04-15 18:00:00,-1.0,-0.0,False,9,0.07563025210084033,119,152,1,2024-04-15 15:30:00,-0.7934,-0.6088,False,False,Mo.,0.0,1.0
0,0,1,0,0,0,0,0,0,0,0,0,0,0,0,0,1,0,0,0,0,0,0,0,0,1,0,0,16,0.935,-0.3546,360.001,4.5,2024-04-15 18:45:00,-0.9808,0.1951,False,5,0.04132231404958678,121,164,0,2024-04-15 17:15:00,-0.9808,-0.1951,False,True,Mo.,0.0,1.0
0,0,1,0,0,0,0,0,0,0,0,0,0,0,0,0,1,0,0,0,0,0,0,0,0,1,0,0,16,0.935,-0.3546,361.001,4.5,2024-04-16 10:00:00,0.5,-0.866,False,40,0.30303030303030304,132,164,0,2024-04-16 08:30:00,0.7934,-0.6088,False,False,Di.,0.78,0.62
0,0,1,0,0,0,0,0,1,0,0,0,0,0,0,0,0,0,0,0,0,0,0,0,0,1,0,0,16,0.935,-0.3546,366.560,3.0,2024-04-16 10:00:00,0.5,-0.866,False,32,0.21621621621621623,148,152,1,2024-04-16 08:30:00,0.7934,-0.6088,False,False,Di.,0.78,0.62
0,0,1,0,0,0,0,0,0,0,0,0,0,0,0,0,1,0,0,0,0,0,0,0,0,1,0,0,16,0.935,-0.3546,360.001,4.5,2024-04-16 11:45:00,0.0654,-0.9979,False,29,0.2396694214876033,121,152,1,2024-04-16 10:15:00,0.4423,-0.8969,False,False,Di.,0.78,0.62
0,1,0,0,0,0,0,0,1,0,0,0,0,0,0,0,0,0,0,0,0,0,0,0,0,1,0,0,16,0.935,-0.3546,340.100,3.0,2024-04-16 11:45:00,0.0654,-0.9979,False,47,0.2422680412371134,194,164,0,2024-04-16 10:15:00,0.4423,-0.8969,False,False,Di.,0.78,0.62
0,1,0,0,0,0,0,0,0,0,0,0,0,0,0,0,0,1,0,0,0,0,0,0,0,1,0,0,16,0.935,-0.3546,382.037,6.0,2024-04-16 15:15:00,-0.7518,-0.6593,False,35,0.2517985611510791,139,152,1,2024-04-16 12:00:00,0.0,-1.0,False,False,Di.,0.78,0.62
0,0,0,1,0,0,0,0,1,0,0,0,0,0,0,0,0,0,0,0,0,0,0,0,0,1,0,0,16,0.935,-0.3546,364.000,3.0,2024-04-16 15:15:00,-0.7518,-0.6593,False,23,0.12432432432432433,185,164,0,2024-04-16 13:45:00,-0.4423,-0.8969,False,False,Di.,0.78,0.62
0,0,0,1,0,0,0,0,1,0,0,0,0,0,0,0,0,0,0,0,0,0,0,0,0,1,0,0,16,0.935,-0.3546,340.400,3.0,2024-04-16 17:00:00,-0.9659,-0.2588,False,19,0.1357142857142857,140,164,0,2024-04-16 15:30:00,-0.7934,-0.6088,False,False,Di.,0.78,0.62
0,1,0,0,0,0,0,0,0,0,1,0,0,0,0,0,0,0,0,0,0,0,1,0,0,0,0,0,16,0.935,-0.3546,229.054,6.0,2024-04-16 18:00:00,-1.0,-0.0,False,36,0.2608695652173913,138,152,1,2024-04-16 15:30:00,-0.7934,-0.6088,False,False,Di.,0.78,0.62
0,1,0,0,0,0,0,0,0,0,0,0,0,0,1,0,0,0,0,0,0,0,0,0,0,1,0,0,16,0.935,-0.3546,371.000,3.0,2024-04-17 10:00:00,0.5,-0.866,False,37,0.25,148,164,0,2024-04-17 08:30:00,0.7934,-0.6088,False,False,Mi.,0.97,-0.22
0,0,0,0,0,0,0,0,0,0,1,0,1,0,0,1,0,0,0,0,0,0,0,0,0,0,0,0,16,0.935,-0.3546,327.029,6.0,2024-04-17 11:45:00,0.0654,-0.9979,False,25,0.2631578947368421,95,152,1,2024-04-17 10:15:00,0.4423,-0.8969,False,False,Mi.,0.97,-0.22
0,0,0,0,0,0,0,0,0,0,0,0,0,0,0,0,0,0,1,1,0,0,0,0,0,1,0,0,16,0.935,-0.3546,531.170,2.0,2024-04-17 11:45:00,0.0654,-0.9979,False,31,0.31958762886597936,97,164,0,2024-04-17 10:15:00,0.4423,-0.8969,False,False,Mi.,0.97,-0.22
0,0,0,1,0,0,0,0,0,0,0,0,0,0,0,1,0,0,0,0,0,0,0,0,0,1,0,0,16,0.935,-0.3546,325.004,3.0,2024-04-17 11:45:00,0.0654,-0.9979,False,31,1.55,20,164,0,2024-04-17 10:15:00,0.4423,-0.8969,False,False,Mi.,0.97,-0.22
0,0,1,0,0,0,0,0,0,0,0,0,0,0,0,0,0,0,0,0,0,0,0,0,0,1,0,1,16,0.935,-0.3546,258.300,3.0,2024-04-17 13:30:00,-0.3827,-0.9239,False,4,0.030303030303030304,132,164,0,2024-04-17 12:00:00,0.0,-1.0,False,False,Mi.,0.97,-0.22
0,1,0,0,0,0,0,0,0,0,0,0,0,0,0,0,0,0,0,0,0,0,0,0,0,1,0,1,16,0.935,-0.3546,257.200,3.0,2024-04-17 15:15:00,-0.7518,-0.6593,False,16,0.10526315789473684,152,164,0,2024-04-17 13:45:00,-0.4423,-0.8969,False,False,Mi.,0.97,-0.22
1,1,0,0,0,0,0,0,0,0,0,0,0,0,0,0,0,0,0,0,0,0,0,0,1,0,0,0,16,0.935,-0.3546,365.232,1.5,2024-04-17 15:15:00,-0.7518,-0.6593,False,30,0.6521739130434783,46,152,1,2024-04-17 14:30:00,-0.6088,-0.7934,False,False,Mi.,0.97,-0.22
0,1,0,0,0,0,0,0,0,0,0,0,0,0,0,0,0,0,0,0,0,0,0,0,1,0,0,1,16,0.935,-0.3546,257.213,3.0,2024-04-17 17:00:00,-0.9659,-0.2588,False,9,0.5625,16,164,0,2024-04-17 15:30:00,-0.7934,-0.6088,False,False,Mi.,0.97,-0.22
0,1,0,0,0,0,0,0,0,0,0,0,0,0,0,0,0,0,0,0,0,0,0,0,1,0,0,1,16,0.935,-0.3546,257.214,3.0,2024-04-17 17:00:00,-0.9659,-0.2588,False,9,0.2903225806451613,31,164,0,2024-04-17 15:30:00,-0.7934,-0.6088,False,False,Mi.,0.97,-0.22
0,1,0,0,0,0,0,0,0,0,0,0,0,0,0,0,0,0,0,0,0,0,0,0,1,0,0,1,16,0.935,-0.3546,257.211,3.0,2024-04-17 17:00:00,-0.9659,-0.2588,False,9,0.3,30,164,0,2024-04-17 15:30:00,-0.7934,-0.6088,False,False,Mi.,0.97,-0.22
0,0,0,1,0,0,0,0,0,0,1,0,0,0,0,0,0,0,0,0,0,0,1,0,0,0,0,0,16,0.935,-0.3546,256.600,3.0,2024-04-17 18:45:00,-0.9808,0.1951,False,31,0.2012987012987013,154,164,0,2024-04-17 17:15:00,-0.9808,-0.1951,False,False,Mi.,0.97,-0.22
0,1,0,0,0,0,0,0,0,0,0,0,0,0,1,0,0,0,0,0,0,0,0,0,0,1,0,0,16,0.935,-0.3546,371.000,3.0,2024-04-18 10:00:00,0.5,-0.866,False,25,0.16891891891891891,148,164,0,2024-04-18 08:30:00,0.7934,-0.6088,False,False,Do.,0.43,-0.9
0,0,1,0,0,0,0,0,0,0,0,0,0,0,1,0,0,0,0,0,0,0,0,0,0,1,0,0,16,0.935,-0.3546,358.001,3.0,2024-04-18 10:00:00,0.5,-0.866,False,21,0.17796610169491525,118,152,1,2024-04-18 08:30:00,0.7934,-0.6088,False,False,Do.,0.43,-0.9
0,0,0,0,0,0,0,0,0,0,0,0,0,0,0,0,0,0,1,1,0,0,0,0,0,1,0,0,16,0.935,-0.3546,531.120,4.0,2024-04-18 11:45:00,0.0654,-0.9979,False,35,0.3431372549019608,102,164,0,2024-04-18 10:15:00,0.4423,-0.8969,False,False,Do.,0.43,-0.9
0,0,0,0,0,0,0,0,0,0,1,0,1,0,0,1,0,0,0,0,0,0,0,0,0,0,0,0,16,0.935,-0.3546,327.029,6.0,2024-04-18 11:45:00,0.0654,-0.9979,False,21,0.22105263157894736,95,152,1,2024-04-18 10:15:00,0.4423,-0.8969,False,False,Do.,0.43,-0.9
0,0,0,0,0,0,0,0,0,0,0,0,0,0,0,0,0,0,1,1,0,0,0,0,0,1,0,0,16,0.935,-0.3546,531.120,4.0,2024-04-18 13:30:00,-0.3827,-0.9239,False,12,0.11764705882352941,102,164,0,2024-04-18 12:00:00,0.0,-1.0,False,True,Do.,0.43,-0.9
0,0,0,0,0,0,0,0,0,0,1,0,0,0,0,0,0,0,1,1,0,0,0,0,0,0,0,0,16,0.935,-0.3546,531.242,3.0,2024-04-18 14:30:00,-0.6088,-0.7934,False,52,3.7142857142857144,14,152,1,2024-04-18 13:45:00,-0.4423,-0.8969,False,False,Do.,0.43,-0.9
0,0,0,0,0,0,0,0,0,0,1,0,0,0,0,0,0,0,1,1,0,0,0,0,0,0,0,0,16,0.935,-0.3546,531.240,3.0,2024-04-18 14:30:00,-0.6088,-0.7934,False,52,1.7333333333333334,30,152,1,2024-04-18 13:45:00,-0.4423,-0.8969,False,False,Do.,0.43,-0.9
0,0,0,0,0,0,0,0,0,0,0,0,0,0,0,0,0,0,1,1,0,0,0,0,0,1,0,0,16,0.935,-0.3546,531.208,4.0,2024-04-18 15:15:00,-0.7518,-0.6593,False,13,0.17105263157894737,76,164,0,2024-04-18 13:45:00,-0.4423,-0.8969,False,False,Do.,0.43,-0.9
0,0,0,0,0,0,0,0,0,0,1,0,0,0,0,0,0,0,1,1,0,0,0,0,0,0,0,0,16,0.935,-0.3546,531.241,3.0,2024-04-18 14:30:00,-0.6088,-0.7934,False,52,5.2,10,152,1,2024-04-18 13:45:00,-0.4423,-0.8969,False,False,Do.,0.43,-0.9
0,0,0,0,0,0,0,0,0,0,1,0,0,0,0,0,0,0,1,1,0,0,0,0,0,0,0,0,16,0.935,-0.3546,531.240,3.0,2024-04-18 15:15:00,-0.7518,-0.6593,False,52,1.7333333333333334,30,152,1,2024-04-18 14:30:00,-0.6088,-0.7934,False,False,Do.,0.43,-0.9
0,1,0,0,0,0,0,0,1,0,0,0,0,0,0,0,0,0,0,0,0,0,0,0,0,1,0,0,16,0.935,-0.3546,339.170,3.0,2024-04-18 17:00:00,-0.9659,-0.2588,False,30,0.2777777777777778,108,152,1,2024-04-18 15:30:00,-0.7934,-0.6088,False,False,Do.,0.43,-0.9
0,0,1,0,0,0,0,0,0,0,1,0,0,0,0,0,0,0,0,0,0,1,0,0,0,0,0,0,16,0.935,-0.3546,190.300,4.5,2024-04-18 19:45:00,-0.8969,0.4423,False,21,0.17796610169491525,118,152,1,2024-04-18 17:15:00,-0.9808,-0.1951,False,False,Do.,0.43,-0.9
0,1,0,0,0,0,0,0,1,0,0,0,0,0,0,0,0,0,0,0,0,0,0,0,0,1,0,0,16,0.935,-0.3546,339.191,3.0,2024-04-18 19:45:00,-0.8969,0.4423,False,27,0.08794788273615635,307,164,0,2024-04-18 19:00:00,-0.9659,0.2588,True,False,Do.,0.43,-0.9
0,0,0,0,0,0,0,1,0,0,1,0,0,0,0,0,0,0,0,0,0,1,0,0,0,0,0,0,16,0.935,-0.3546,243.115,6.0,2024-04-19 11:45:00,0.0654,-0.9979,False,19,0.14074074074074075,135,164,0,2024-04-19 08:30:00,0.7934,-0.6088,False,False,Fr.,-0.43,-0.9
0,0,1,0,0,0,0,0,0,0,0,0,0,0,0,0,1,0,0,0,0,0,0,0,0,1,0,0,16,0.935,-0.3546,361.001,4.5,2024-04-19 10:00:00,0.5,-0.866,False,41,0.3106060606060606,132,152,1,2024-04-19 08:30:00,0.7934,-0.6088,False,False,Fr.,-0.43,-0.9
0,0,0,0,0,0,0,0,1,0,1,0,1,0,0,0,0,0,0,0,0,0,0,0,0,0,0,0,16,0.935,-0.3546,339.341,1.5,2024-04-19 18:00:00,-1.0,-0.0,False,42,0.35294117647058826,119,164,0,2024-04-19 12:00:00,0.0,-1.0,False,False,Fr.,-0.43,-0.9
0,1,0,0,0,0,0,0,1,0,0,0,0,0,0,0,0,0,0,0,0,0,0,0,0,1,0,0,17,0.8855,-0.4647,368.190,3.0,2024-04-22 10:00:00,0.5,-0.866,False,57,0.23553719008264462,242,152,1,2024-04-22 08:30:00,0.7934,-0.6088,False,False,Mo.,0.0,1.0
0,1,0,0,0,0,0,0,0,0,1,0,0,0,0,0,0,0,0,0,0,0,0,1,0,0,0,0,17,0.8855,-0.4647,238.302,3.0,2024-04-22 11:45:00,0.0654,-0.9979,False,52,0.45217391304347826,115,152,1,2024-04-22 10:15:00,0.4423,-0.8969,False,False,Mo.,0.0,1.0
0,1,0,0,0,0,0,0,0,0,1,0,0,0,0,0,0,0,0,0,0,0,1,0,0,0,0,0,17,0.8855,-0.4647,231.115,3.0,2024-04-22 13:30:00,-0.3827,-0.9239,False,30,0.4166666666666667,72,152,1,2024-04-22 12:00:00,0.0,-1.0,False,False,Mo.,0.0,1.0
0,0,0,0,0,0,0,0,0,0,0,0,1,0,0,0,0,0,0,0,0,0,0,0,0,1,0,1,17,0.8855,-0.4647,258.410,3.0,2024-04-22 13:30:00,-0.3827,-0.9239,False,52,0.3058823529411765,170,164,0,2024-04-22 12:00:00,0.0,-1.0,False,False,Mo.,0.0,1.0
0,0,0,0,0,0,0,1,0,0,1,0,0,0,0,0,0,0,0,0,0,1,0,0,0,0,0,0,17,0.8855,-0.4647,190.035,3.0,2024-04-22 15:15:00,-0.7518,-0.6593,False,29,0.453125,64,152,1,2024-04-22 13:45:00,-0.4423,-0.8969,False,False,Mo.,0.0,1.0
0,0,0,0,0,0,0,1,0,0,0,0,0,0,0,0,0,0,0,0,0,0,1,0,0,1,0,0,17,0.8855,-0.4647,136.309,3.0,2024-04-22 15:15:00,-0.7518,-0.6593,False,23,0.23469387755102042,98,164,0,2024-04-22 13:45:00,-0.4423,-0.8969,False,False,Mo.,0.0,1.0
0,0,0,1,1,0,0,0,0,0,0,0,0,0,0,0,0,0,0,0,0,0,0,0,1,0,0,0,17,0.8855,-0.4647,252.031,3.0,2024-04-22 17:00:00,-0.9659,-0.2588,False,42,1.105263157894737,38,152,1,2024-04-22 15:30:00,-0.7934,-0.6088,False,False,Mo.,0.0,1.0
0,1,0,0,0,0,0,0,0,0,1,0,0,0,0,0,0,0,0,0,0,0,0,1,0,0,0,0,17,0.8855,-0.4647,238.213,3.0,2024-04-22 17:00:00,-0.9659,-0.2588,False,38,0.2375,160,164,0,2024-04-22 15:30:00,-0.7934,-0.6088,False,False,Mo.,0.0,1.0
0,0,1,0,0,0,0,0,0,0,0,0,0,0,0,0,1,0,0,0,0,0,0,0,0,1,0,0,17,0.8855,-0.4647,360.001,4.5,2024-04-22 18:45:00,-0.9808,0.1951,False,10,0.08264462809917356,121,152,1,2024-04-22 17:15:00,-0.9808,-0.1951,False,True,Mo.,0.0,1.0
0,0,1,0,0,0,0,0,0,0,0,0,0,0,0,0,1,0,0,0,0,0,0,0,0,1,0,0,17,0.8855,-0.4647,361.001,4.5,2024-04-23 10:00:00,0.5,-0.866,False,42,0.3181818181818182,132,164,0,2024-04-23 08:30:00,0.7934,-0.6088,False,False,Di.,0.78,0.62
0,0,1,0,0,0,0,0,1,0,0,0,0,0,0,0,0,0,0,0,0,0,0,0,0,1,0,0,17,0.8855,-0.4647,366.560,3.0,2024-04-23 10:00:00,0.5,-0.866,False,24,0.16216216216216217,148,152,1,2024-04-23 08:30:00,0.7934,-0.6088,False,False,Di.,0.78,0.62
0,1,0,0,0,0,0,0,1,0,0,0,0,0,0,0,0,0,0,0,0,0,0,0,0,1,0,0,17,0.8855,-0.4647,340.100,3.0,2024-04-23 11:45:00,0.0654,-0.9979,False,35,0.18041237113402062,194,164,0,2024-04-23 10:15:00,0.4423,-0.8969,False,False,Di.,0.78,0.62
0,0,1,0,0,0,0,0,0,0,0,0,0,0,0,0,1,0,0,0,0,0,0,0,0,1,0,0,17,0.8855,-0.4647,360.001,4.5,2024-04-23 11:45:00,0.0654,-0.9979,False,19,0.15702479338842976,121,152,1,2024-04-23 10:15:00,0.4423,-0.8969,False,False,Di.,0.78,0.62
0,0,1,0,1,0,0,0,0,0,0,0,0,0,0,0,0,0,0,0,0,0,0,0,0,1,0,0,17,0.8855,-0.4647,259.002,3.0,2024-04-23 13:30:00,-0.3827,-0.9239,False,45,0.20179372197309417,223,164,0,2024-04-23 12:00:00,0.0,-1.0,False,False,Di.,0.78,0.62
0,1,0,0,0,0,0,0,0,0,0,0,0,0,0,0,0,1,0,0,0,0,0,0,0,1,0,0,17,0.8855,-0.4647,382.037,6.0,2024-04-23 15:15:00,-0.7518,-0.6593,False,32,0.2302158273381295,139,152,1,2024-04-23 12:00:00,0.0,-1.0,False,False,Di.,0.78,0.62
0,0,0,1,0,0,0,0,1,0,0,0,0,0,0,0,0,0,0,0,0,0,0,0,0,1,0,0,17,0.8855,-0.4647,364.000,3.0,2024-04-23 15:15:00,-0.7518,-0.6593,False,21,0.11351351351351352,185,164,0,2024-04-23 13:45:00,-0.4423,-0.8969,False,False,Di.,0.78,0.62
0,0,0,1,0,0,0,0,1,0,0,0,0,0,0,0,0,0,0,0,0,0,0,0,0,1,0,0,17,0.8855,-0.4647,340.400,3.0,2024-04-23 17:00:00,-0.9659,-0.2588,False,18,0.12857142857142856,140,164,0,2024-04-23 15:30:00,-0.7934,-0.6088,False,False,Di.,0.78,0.62
0,1,0,0,0,0,0,0,0,0,1,0,0,0,0,0,0,0,0,0,0,0,1,0,0,0,0,0,17,0.8855,-0.4647,229.054,6.0,2024-04-23 18:00:00,-1.0,-0.0,False,42,0.30434782608695654,138,152,1,2024-04-23 15:30:00,-0.7934,-0.6088,False,False,Di.,0.78,0.62
0,1,0,0,0,0,0,0,0,0,0,0,0,0,1,0,0,0,0,0,0,0,0,0,0,1,0,0,17,0.8855,-0.4647,371.000,3.0,2024-04-24 10:00:00,0.5,-0.866,False,28,0.1891891891891892,148,164,0,2024-04-24 08:30:00,0.7934,-0.6088,False,False,Mi.,0.97,-0.22
0,0,0,1,0,0,0,0,0,0,0,0,0,0,0,1,0,0,0,0,0,0,0,0,0,1,0,0,17,0.8855,-0.4647,325.004,3.0,2024-04-24 11:45:00,0.0654,-0.9979,False,32,1.6,20,164,0,2024-04-24 10:15:00,0.4423,-0.8969,False,False,Mi.,0.97,-0.22
0,0,0,0,0,0,0,0,0,0,1,0,1,0,0,1,0,0,0,0,0,0,0,0,0,0,0,0,17,0.8855,-0.4647,327.029,6.0,2024-04-24 11:45:00,0.0654,-0.9979,False,27,0.28421052631578947,95,152,1,2024-04-24 10:15:00,0.4423,-0.8969,False,False,Mi.,0.97,-0.22
0,0,0,0,0,0,0,0,0,0,0,0,0,0,0,0,0,0,1,1,0,0,0,0,0,1,0,0,17,0.8855,-0.4647,531.170,2.0,2024-04-24 11:45:00,0.0654,-0.9979,False,32,0.32989690721649484,97,164,0,2024-04-24 10:15:00,0.4423,-0.8969,False,False,Mi.,0.97,-0.22
0,0,0,0,0,0,0,0,1,0,1,0,1,0,0,0,0,0,0,0,0,0,0,0,0,0,0,0,17,0.8855,-0.4647,259.022,4.5,2024-04-24 14:30:00,-0.6088,-0.7934,False,37,0.5967741935483871,62,152,1,2024-04-24 12:00:00,0.0,-1.0,False,False,Mi.,0.97,-0.22
0,0,1,0,0,0,0,0,0,0,0,0,0,0,0,0,0,0,0,0,0,0,0,0,0,1,0,1,17,0.8855,-0.4647,258.300,3.0,2024-04-24 13:30:00,-0.3827,-0.9239,False,10,0.07575757575757576,132,164,0,2024-04-24 12:00:00,0.0,-1.0,False,False,Mi.,0.97,-0.22
0,1,0,0,0,0,0,0,0,0,0,0,0,0,0,0,0,0,0,0,0,0,0,0,0,1,0,1,17,0.8855,-0.4647,257.200,3.0,2024-04-24 15:15:00,-0.7518,-0.6593,False,20,0.13157894736842105,152,164,0,2024-04-24 13:45:00,-0.4423,-0.8969,False,False,Mi.,0.97,-0.22
1,1,0,0,0,0,0,0,0,0,0,0,0,0,0,0,0,0,0,0,0,0,0,0,1,0,0,0,17,0.8855,-0.4647,365.232,1.5,2024-04-24 15:15:00,-0.7518,-0.6593,False,36,0.782608695652174,46,152,1,2024-04-24 14:30:00,-0.6088,-0.7934,False,False,Mi.,0.97,-0.22
0,1,0,0,0,0,0,0,0,0,0,0,0,0,0,0,0,0,0,0,0,0,0,0,1,0,0,1,17,0.8855,-0.4647,257.213,3.0,2024-04-24 17:00:00,-0.9659,-0.2588,False,20,1.25,16,164,0,2024-04-24 15:30:00,-0.7934,-0.6088,False,False,Mi.,0.97,-0.22
0,1,0,0,0,0,0,0,0,0,0,0,0,0,0,0,0,0,0,0,0,0,0,0,1,0,0,1,17,0.8855,-0.4647,257.214,3.0,2024-04-24 17:00:00,-0.9659,-0.2588,False,20,0.6451612903225806,31,164,0,2024-04-24 15:30:00,-0.7934,-0.6088,False,False,Mi.,0.97,-0.22
0,1,0,0,0,0,0,0,0,0,0,0,0,0,0,0,0,0,0,0,0,0,0,0,1,0,0,1,17,0.8855,-0.4647,257.211,3.0,2024-04-24 17:00:00,-0.9659,-0.2588,False,20,0.6666666666666666,30,164,0,2024-04-24 15:30:00,-0.7934,-0.6088,False,False,Mi.,0.97,-0.22
0,0,0,1,0,0,0,0,0,0,1,0,0,0,0,0,0,0,0,0,0,0,1,0,0,0,0,0,17,0.8855,-0.4647,256.600,3.0,2024-04-24 18:45:00,-0.9808,0.1951,False,33,0.21428571428571427,154,164,0,2024-04-24 17:15:00,-0.9808,-0.1951,False,False,Mi.,0.97,-0.22
0,1,0,0,0,0,0,0,0,0,0,0,0,0,1,0,0,0,0,0,0,0,0,0,0,1,0,0,17,0.8855,-0.4647,371.000,3.0,2024-04-25 10:00:00,0.5,-0.866,False,22,0.14864864864864866,148,164,0,2024-04-25 08:30:00,0.7934,-0.6088,False,False,Do.,0.43,-0.9
0,0,1,0,0,0,0,0,0,0,0,0,0,0,1,0,0,0,0,0,0,0,0,0,0,1,0,0,17,0.8855,-0.4647,358.001,3.0,2024-04-25 10:00:00,0.5,-0.866,False,17,0.1440677966101695,118,152,1,2024-04-25 08:30:00,0.7934,-0.6088,False,False,Do.,0.43,-0.9
0,0,0,0,0,0,0,0,0,0,0,0,0,0,0,0,0,0,1,1,0,0,0,0,0,1,0,0,17,0.8855,-0.4647,531.120,4.0,2024-04-25 11:45:00,0.0654,-0.9979,False,43,0.4215686274509804,102,164,0,2024-04-25 10:15:00,0.4423,-0.8969,False,False,Do.,0.43,-0.9
0,0,0,0,0,0,0,0,0,0,1,0,1,0,0,1,0,0,0,0,0,0,0,0,0,0,0,0,17,0.8855,-0.4647,327.029,6.0,2024-04-25 11:45:00,0.0654,-0.9979,False,18,0.18947368421052632,95,152,1,2024-04-25 10:15:00,0.4423,-0.8969,False,False,Do.,0.43,-0.9
0,0,0,0,0,0,0,0,0,0,0,0,0,0,0,0,0,0,1,1,0,0,0,0,0,1,0,0,17,0.8855,-0.4647,531.120,4.0,2024-04-25 13:30:00,-0.3827,-0.9239,False,12,0.11764705882352941,102,164,0,2024-04-25 12:00:00,0.0,-1.0,False,True,Do.,0.43,-0.9
0,0,0,0,0,0,0,0,0,0,1,0,0,0,0,0,0,0,1,1,0,0,0,0,0,0,0,0,17,0.8855,-0.4647,531.241,3.0,2024-04-25 14:30:00,-0.6088,-0.7934,False,44,4.4,10,152,1,2024-04-25 13:45:00,-0.4423,-0.8969,False,False,Do.,0.43,-0.9
0,0,0,0,0,0,0,0,0,0,1,0,0,0,0,0,0,0,1,1,0,0,0,0,0,0,0,0,17,0.8855,-0.4647,531.242,3.0,2024-04-25 14:30:00,-0.6088,-0.7934,False,44,3.142857142857143,14,152,1,2024-04-25 13:45:00,-0.4423,-0.8969,False,False,Do.,0.43,-0.9
0,0,0,0,0,0,0,0,0,0,0,0,0,0,0,0,0,0,1,1,0,0,0,0,0,1,0,0,17,0.8855,-0.4647,531.208,4.0,2024-04-25 15:15:00,-0.7518,-0.6593,False,14,0.18421052631578946,76,164,0,2024-04-25 13:45:00,-0.4423,-0.8969,False,False,Do.,0.43,-0.9
0,0,0,0,0,0,0,0,0,0,1,0,0,0,0,0,0,0,1,1,0,0,0,0,0,0,0,0,17,0.8855,-0.4647,531.240,3.0,2024-04-25 14:30:00,-0.6088,-0.7934,False,44,1.4666666666666666,30,152,1,2024-04-25 13:45:00,-0.4423,-0.8969,False,False,Do.,0.43,-0.9
0,0,0,0,0,0,0,0,0,0,1,0,0,0,0,0,0,0,1,1,0,0,0,0,0,0,0,0,17,0.8855,-0.4647,531.240,3.0,2024-04-25 15:15:00,-0.7518,-0.6593,False,44,1.4666666666666666,30,152,1,2024-04-25 14:30:00,-0.6088,-0.7934,False,False,Do.,0.43,-0.9
0,1,0,0,0,0,0,0,1,0,0,0,0,0,0,0,0,0,0,0,0,0,0,0,0,1,0,0,17,0.8855,-0.4647,339.170,3.0,2024-04-25 17:00:00,-0.9659,-0.2588,False,31,0.28703703703703703,108,152,1,2024-04-25 15:30:00,-0.7934,-0.6088,False,False,Do.,0.43,-0.9
0,0,1,0,0,0,0,0,0,0,1,0,0,0,0,0,0,0,0,0,0,1,0,0,0,0,0,0,17,0.8855,-0.4647,190.300,4.5,2024-04-25 19:45:00,-0.8969,0.4423,False,21,0.17796610169491525,118,152,1,2024-04-25 17:15:00,-0.9808,-0.1951,False,False,Do.,0.43,-0.9
0,0,1,0,0,0,0,0,0,0,0,0,0,0,0,0,1,0,0,0,0,0,0,0,0,1,0,0,17,0.8855,-0.4647,361.001,4.5,2024-04-26 10:00:00,0.5,-0.866,False,43,0.32575757575757575,132,152,1,2024-04-26 08:30:00,0.7934,-0.6088,False,False,Fr.,-0.43,-0.9
0,0,1,0,0,0,0,0,0,0,0,0,0,0,0,0,1,0,0,0,0,0,0,0,1,0,0,0,17,0.8855,-0.4647,362.064,1.5,2024-04-26 11:45:00,0.0654,-0.9979,True,69,3.45,20,152,1,2024-04-26 10:15:00,0.4423,-0.8969,False,True,Fr.,-0.43,-0.9
0,0,1,0,0,0,0,0,0,1,0,0,0,0,0,0,0,0,0,0,0,0,0,0,1,0,0,0,17,0.8855,-0.4647,362.068,1.5,2024-04-26 11:45:00,0.0654,-0.9979,True,69,2.5555555555555554,27,152,1,2024-04-26 10:15:00,0.4423,-0.8969,False,True,Fr.,-0.43,-0.9
0,0,1,0,0,0,0,0,0,0,0,0,0,0,0,0,1,0,0,0,0,0,0,0,1,0,0,0,17,0.8855,-0.4647,362.065,1.5,2024-04-26 11:45:00,0.0654,-0.9979,True,69,2.090909090909091,33,152,1,2024-04-26 10:15:00,0.4423,-0.8969,False,True,Fr.,-0.43,-0.9
0,0,1,0,0,0,0,0,0,1,0,0,0,0,0,0,0,0,0,0,0,0,0,0,1,0,0,0,17,0.8855,-0.4647,362.073,1.5,2024-04-26 11:45:00,0.0654,-0.9979,True,69,6.2727272727272725,11,152,1,2024-04-26 10:15:00,0.4423,-0.8969,False,True,Fr.,-0.43,-0.9
0,0,0,0,0,0,0,0,0,0,0,0,0,0,0,0,0,0,1,1,0,0,0,0,1,0,0,0,17,0.8855,-0.4647,531.163,2.0,2024-04-26 12:45:00,-0.1951,-0.9808,True,23,2.3,10,164,0,2024-04-26 10:15:00,0.4423,-0.8969,False,False,Fr.,-0.43,-0.9
0,0,1,0,0,0,0,0,0,0,0,0,0,0,0,0,1,0,0,0,0,0,0,0,1,0,0,0,17,0.8855,-0.4647,362.066,1.5,2024-04-26 11:45:00,0.0654,-0.9979,True,69,3.2857142857142856,21,152,1,2024-04-26 10:15:00,0.4423,-0.8969,False,True,Fr.,-0.43,-0.9
0,1,0,0,0,0,0,0,0,0,1,0,0,0,0,0,0,0,0,0,0,0,0,1,0,0,0,0,18,0.823,-0.5681,238.302,3.0,2024-04-29 11:45:00,0.0654,-0.9979,False,42,0.3652173913043478,115,152,1,2024-04-29 10:15:00,0.4423,-0.8969,False,False,Mo.,0.0,1.0
0,1,0,0,0,0,0,0,0,0,1,0,0,0,0,0,0,0,0,0,0,0,1,0,0,0,0,0,18,0.823,-0.5681,231.115,3.0,2024-04-29 13:30:00,-0.3827,-0.9239,False,14,0.19444444444444445,72,152,1,2024-04-29 12:00:00,0.0,-1.0,False,False,Mo.,0.0,1.0
0,0,0,0,0,0,0,0,0,0,0,0,1,0,0,0,0,0,0,0,0,0,0,0,0,1,0,1,18,0.823,-0.5681,258.410,3.0,2024-04-29 13:30:00,-0.3827,-0.9239,True,53,0.31176470588235294,170,164,0,2024-04-29 12:00:00,0.0,-1.0,False,False,Mo.,0.0,1.0
0,0,0,0,0,0,0,1,0,0,0,0,0,0,0,0,0,0,0,0,0,0,1,0,0,1,0,0,18,0.823,-0.5681,136.309,3.0,2024-04-29 15:15:00,-0.7518,-0.6593,False,22,0.22448979591836735,98,164,0,2024-04-29 13:45:00,-0.4423,-0.8969,False,False,Mo.,0.0,1.0
0,0,0,0,0,0,0,1,0,0,1,0,0,0,0,0,0,0,0,0,0,1,0,0,0,0,0,0,18,0.823,-0.5681,190.035,3.0,2024-04-29 15:15:00,-0.7518,-0.6593,False,14,0.21875,64,152,1,2024-04-29 13:45:00,-0.4423,-0.8969,False,False,Mo.,0.0,1.0
0,0,0,0,0,0,0,1,0,0,0,0,0,0,0,0,0,0,0,0,0,1,0,0,0,1,0,0,18,0.823,-0.5681,140.004,0.5,2024-04-29 18:00:00,-1.0,-0.0,False,5,0.04201680672268908,119,152,1,2024-04-29 15:30:00,-0.7934,-0.6088,False,False,Mo.,0.0,1.0
0,1,0,0,0,0,0,0,0,0,1,0,0,0,0,0,0,0,0,0,0,0,0,1,0,0,0,0,18,0.823,-0.5681,238.213,3.0,2024-04-29 17:00:00,-0.9659,-0.2588,False,24,0.15,160,164,0,2024-04-29 15:30:00,-0.7934,-0.6088,False,False,Mo.,0.0,1.0
0,0,1,0,0,0,0,0,0,0,0,0,0,0,0,0,1,0,0,0,0,0,0,0,0,1,0,0,18,0.823,-0.5681,360.001,4.5,2024-04-29 18:45:00,-0.9808,0.1951,False,8,0.06611570247933884,121,164,0,2024-04-29 17:15:00,-0.9808,-0.1951,False,True,Mo.,0.0,1.0
0,0,1,0,0,0,0,0,0,0,0,0,0,0,0,0,1,0,0,0,0,0,0,0,0,1,0,0,18,0.823,-0.5681,361.001,4.5,2024-04-30 10:00:00,0.5,-0.866,False,39,0.29545454545454547,132,164,0,2024-04-30 08:30:00,0.7934,-0.6088,False,False,Di.,0.78,0.62
0,0,1,0,0,0,0,0,1,0,0,0,0,0,0,0,0,0,0,0,0,0,0,0,0,1,0,0,18,0.823,-0.5681,366.560,3.0,2024-04-30 10:00:00,0.5,-0.866,False,19,0.12837837837837837,148,152,1,2024-04-30 08:30:00,0.7934,-0.6088,False,False,Di.,0.78,0.62
0,0,1,0,0,0,0,0,0,0,0,0,0,0,0,0,1,0,0,0,0,0,0,0,0,1,0,0,18,0.823,-0.5681,360.001,4.5,2024-04-30 11:45:00,0.0654,-0.9979,False,19,0.15702479338842976,121,152,1,2024-04-30 10:15:00,0.4423,-0.8969,False,False,Di.,0.78,0.62
0,1,0,0,0,0,0,0,0,0,0,0,0,0,0,0,0,1,0,0,0,0,0,0,0,1,0,0,18,0.823,-0.5681,382.037,6.0,2024-04-30 15:15:00,-0.7518,-0.6593,False,16,0.11510791366906475,139,152,1,2024-04-30 12:00:00,0.0,-1.0,False,False,Di.,0.78,0.62
0,0,0,1,0,0,0,0,1,0,0,0,0,0,0,0,0,0,0,0,0,0,0,0,0,1,0,0,18,0.823,-0.5681,364.000,3.0,2024-04-30 15:15:00,-0.7518,-0.6593,True,108,0.5837837837837838,185,164,0,2024-04-30 13:45:00,-0.4423,-0.8969,False,False,Di.,0.78,0.62
0,1,0,0,0,0,0,0,0,0,1,0,0,0,0,0,0,0,0,0,0,0,1,0,0,0,0,0,18,0.823,-0.5681,229.054,6.0,2024-04-30 18:00:00,-1.0,-0.0,False,20,0.14492753623188406,138,152,1,2024-04-30 15:30:00,-0.7934,-0.6088,False,False,Di.,0.78,0.62
0,0,1,0,0,0,0,0,0,0,0,0,0,0,1,0,0,0,0,0,0,0,0,0,0,1,0,0,18,0.823,-0.5681,358.001,3.0,2024-05-02 10:00:00,0.5,-0.866,False,15,0.1271186440677966,118,152,1,2024-05-02 08:30:00,0.7934,-0.6088,False,False,Do.,0.43,-0.9
0,1,0,0,0,0,0,0,0,0,0,0,0,0,1,0,0,0,0,0,0,0,0,0,0,1,0,0,18,0.823,-0.5681,371.000,3.0,2024-05-02 10:00:00,0.5,-0.866,False,26,0.17567567567567569,148,164,0,2024-05-02 08:30:00,0.7934,-0.6088,False,False,Do.,0.43,-0.9
0,0,0,0,0,0,0,0,0,0,0,0,0,0,0,0,0,0,1,1,0,0,0,0,0,1,0,0,18,0.823,-0.5681,531.120,4.0,2024-05-02 11:45:00,0.0654,-0.9979,False,31,0.30392156862745096,102,164,0,2024-05-02 10:15:00,0.4423,-0.8969,False,False,Do.,0.43,-0.9
0,0,0,0,0,0,0,0,0,0,1,0,1,0,0,1,0,0,0,0,0,0,0,0,0,0,0,0,18,0.823,-0.5681,327.029,6.0,2024-05-02 11:45:00,0.0654,-0.9979,False,15,0.15789473684210525,95,152,1,2024-05-02 10:15:00,0.4423,-0.8969,False,False,Do.,0.43,-0.9
0,0,0,0,0,0,0,0,0,0,0,0,0,0,0,0,0,0,1,1,0,0,0,0,0,1,0,0,18,0.823,-0.5681,531.120,4.0,2024-05-02 13:30:00,-0.3827,-0.9239,False,10,0.09803921568627451,102,164,0,2024-05-02 12:00:00,0.0,-1.0,False,True,Do.,0.43,-0.9
0,0,0,0,0,0,0,0,0,0,1,0,0,0,0,0,0,0,1,1,0,0,0,0,0,0,0,0,18,0.823,-0.5681,531.242,3.0,2024-05-02 14:30:00,-0.6088,-0.7934,False,46,3.2857142857142856,14,152,1,2024-05-02 13:45:00,-0.4423,-0.8969,False,False,Do.,0.43,-0.9
0,0,0,0,0,0,0,0,0,0,1,0,0,0,0,0,0,0,1,1,0,0,0,0,0,0,0,0,18,0.823,-0.5681,531.240,3.0,2024-05-02 14:30:00,-0.6088,-0.7934,False,46,1.5333333333333334,30,152,1,2024-05-02 13:45:00,-0.4423,-0.8969,False,False,Do.,0.43,-0.9
0,0,0,0,0,0,0,0,0,0,0,0,0,0,0,0,0,0,1,1,0,0,0,0,0,1,0,0,18,0.823,-0.5681,531.208,4.0,2024-05-02 15:15:00,-0.7518,-0.6593,False,7,0.09210526315789473,76,164,0,2024-05-02 13:45:00,-0.4423,-0.8969,False,False,Do.,0.43,-0.9
0,0,0,0,0,0,0,0,0,0,1,0,0,0,0,0,0,0,1,1,0,0,0,0,0,0,0,0,18,0.823,-0.5681,531.241,3.0,2024-05-02 14:30:00,-0.6088,-0.7934,False,46,4.6,10,152,1,2024-05-02 13:45:00,-0.4423,-0.8969,False,False,Do.,0.43,-0.9
0,0,0,0,0,0,0,0,0,0,1,0,0,0,0,0,0,0,1,1,0,0,0,0,0,0,0,0,18,0.823,-0.5681,531.240,3.0,2024-05-02 15:15:00,-0.7518,-0.6593,False,32,1.0666666666666667,30,152,1,2024-05-02 14:30:00,-0.6088,-0.7934,True,False,Do.,0.43,-0.9
0,1,0,0,0,0,0,0,1,0,0,0,0,0,0,0,0,0,0,0,0,0,0,0,0,1,0,0,18,0.823,-0.5681,339.170,3.0,2024-05-02 17:00:00,-0.9659,-0.2588,False,28,0.25925925925925924,108,152,1,2024-05-02 15:30:00,-0.7934,-0.6088,False,False,Do.,0.43,-0.9
0,0,1,0,0,0,0,0,0,0,1,0,0,0,0,0,0,0,0,0,0,1,0,0,0,0,0,0,18,0.823,-0.5681,190.300,4.5,2024-05-02 19:45:00,-0.8969,0.4423,False,0,0.0,118,152,1,2024-05-02 17:15:00,-0.9808,-0.1951,False,False,Do.,0.43,-0.9
0,0,0,0,0,0,0,1,0,0,1,0,0,0,0,0,0,0,0,0,0,1,0,0,0,0,0,0,18,0.823,-0.5681,243.115,6.0,2024-05-03 11:45:00,0.0654,-0.9979,False,16,0.11851851851851852,135,164,0,2024-05-03 08:30:00,0.7934,-0.6088,False,False,Fr.,-0.43,-0.9
0,0,1,0,0,0,0,0,0,0,0,0,0,0,0,0,1,0,0,0,0,0,0,0,0,1,0,0,18,0.823,-0.5681,361.001,4.5,2024-05-03 10:00:00,0.5,-0.866,False,28,0.21212121212121213,132,152,1,2024-05-03 08:30:00,0.7934,-0.6088,False,False,Fr.,-0.43,-0.9
0,0,1,0,0,0,0,0,0,0,0,0,0,0,0,0,1,0,0,0,0,0,0,0,0,1,0,0,18,0.823,-0.5681,361.001,4.5,2024-05-03 12:45:00,-0.1951,-0.9808,True,1,0.007575757575757576,132,152,1,2024-05-03 10:15:00,0.4423,-0.8969,False,False,Fr.,-0.43,-0.9
0,0,0,0,0,0,0,0,0,0,0,0,0,0,0,0,0,0,1,1,0,0,0,0,0,1,0,0,19,0.7485,-0.6631,367.145,3.0,2024-05-06 11:45:00,0.0654,-0.9979,False,11,5.5,2,164,0,2024-05-06 08:30:00,0.7934,-0.6088,False,False,Mo.,0.0,1.0
0,1,0,0,0,0,0,0,1,0,0,0,0,0,0,0,0,0,0,0,0,0,0,0,0,1,0,0,19,0.7485,-0.6631,368.190,3.0,2024-05-06 10:00:00,0.5,-0.866,False,50,0.2066115702479339,242,152,1,2024-05-06 08:30:00,0.7934,-0.6088,False,False,Mo.,0.0,1.0
0,0,1,0,0,0,0,0,1,0,0,0,0,0,0,0,0,0,0,0,0,0,0,0,0,1,0,0,19,0.7485,-0.6631,367.144,3.0,2024-05-06 11:45:00,0.0654,-0.9979,False,11,0.06077348066298342,181,164,0,2024-05-06 08:30:00,0.7934,-0.6088,False,False,Mo.,0.0,1.0
0,1,0,0,0,0,0,0,0,0,1,0,0,0,0,0,0,0,0,0,0,0,0,1,0,0,0,0,19,0.7485,-0.6631,238.302,3.0,2024-05-06 11:45:00,0.0654,-0.9979,False,27,0.23478260869565218,115,152,1,2024-05-06 10:15:00,0.4423,-0.8969,False,False,Mo.,0.0,1.0
0,1,0,0,0,0,0,0,0,0,1,0,0,0,0,0,0,0,0,0,0,0,1,0,0,0,0,0,19,0.7485,-0.6631,231.115,3.0,2024-05-06 13:30:00,-0.3827,-0.9239,False,15,0.20833333333333334,72,152,1,2024-05-06 12:00:00,0.0,-1.0,False,False,Mo.,0.0,1.0
0,0,0,0,0,0,0,1,0,0,0,0,0,0,0,0,0,0,0,0,0,0,1,0,0,1,0,0,19,0.7485,-0.6631,136.309,3.0,2024-05-06 15:15:00,-0.7518,-0.6593,False,17,0.17346938775510204,98,164,0,2024-05-06 13:45:00,-0.4423,-0.8969,False,False,Mo.,0.0,1.0
0,0,0,0,0,0,0,1,0,0,1,0,0,0,0,0,0,0,0,0,0,1,0,0,0,0,0,0,19,0.7485,-0.6631,190.035,3.0,2024-05-06 15:15:00,-0.7518,-0.6593,False,24,0.375,64,152,1,2024-05-06 13:45:00,-0.4423,-0.8969,False,False,Mo.,0.0,1.0
0,0,0,0,0,0,0,1,0,0,0,0,0,0,0,0,0,0,0,0,0,1,0,0,0,1,0,0,19,0.7485,-0.6631,140.004,0.5,2024-05-06 18:00:00,-1.0,-0.0,False,5,0.04201680672268908,119,152,1,2024-05-06 15:30:00,-0.7934,-0.6088,False,False,Mo.,0.0,1.0
0,1,0,0,0,0,0,0,0,0,1,0,0,0,0,0,0,0,0,0,0,0,0,1,0,0,0,0,19,0.7485,-0.6631,238.213,3.0,2024-05-06 17:00:00,-0.9659,-0.2588,False,17,0.10625,160,164,0,2024-05-06 15:30:00,-0.7934,-0.6088,False,False,Mo.,0.0,1.0
0,0,1,0,0,0,0,0,0,0,0,0,0,0,0,0,1,0,0,0,0,0,0,0,0,1,0,0,19,0.7485,-0.6631,360.001,4.5,2024-05-06 18:45:00,-0.9808,0.1951,False,7,0.05785123966942149,121,164,0,2024-05-06 17:15:00,-0.9808,-0.1951,False,True,Mo.,0.0,1.0
0,0,1,0,0,0,0,0,1,0,0,0,0,0,0,0,0,0,0,0,0,0,0,0,0,1,0,0,19,0.7485,-0.6631,366.560,3.0,2024-05-07 10:00:00,0.5,-0.866,False,24,0.16216216216216217,148,152,1,2024-05-07 08:30:00,0.7934,-0.6088,False,False,Di.,0.78,0.62
0,0,1,0,0,0,0,0,0,0,0,0,0,0,0,0,1,0,0,0,0,0,0,0,0,1,0,0,19,0.7485,-0.6631,361.001,4.5,2024-05-07 10:00:00,0.5,-0.866,False,40,0.30303030303030304,132,164,0,2024-05-07 08:30:00,0.7934,-0.6088,False,False,Di.,0.78,0.62
0,0,1,0,0,0,0,0,0,0,0,0,0,0,0,0,1,0,0,0,0,0,0,0,0,1,0,0,19,0.7485,-0.6631,360.001,4.5,2024-05-07 11:45:00,0.0654,-0.9979,False,19,0.15702479338842976,121,152,1,2024-05-07 10:15:00,0.4423,-0.8969,False,False,Di.,0.78,0.62
0,1,0,0,0,0,0,0,1,0,0,0,0,0,0,0,0,0,0,0,0,0,0,0,0,1,0,0,19,0.7485,-0.6631,340.100,3.0,2024-05-07 11:45:00,0.0654,-0.9979,False,39,0.20103092783505155,194,164,0,2024-05-07 10:15:00,0.4423,-0.8969,False,False,Di.,0.78,0.62
0,0,1,0,1,0,0,0,0,0,1,0,0,0,0,0,0,0,0,0,0,0,0,0,0,0,0,0,19,0.7485,-0.6631,269.030,3.0,2024-05-07 13:30:00,-0.3827,-0.9239,True,59,0.7195121951219512,82,164,0,2024-05-07 12:00:00,0.0,-1.0,False,False,Di.,0.78,0.62
0,1,0,0,0,0,0,0,0,0,0,0,0,0,0,0,0,1,0,0,0,0,0,0,0,1,0,0,19,0.7485,-0.6631,382.037,6.0,2024-05-07 15:15:00,-0.7518,-0.6593,False,24,0.17266187050359713,139,152,1,2024-05-07 12:00:00,0.0,-1.0,False,False,Di.,0.78,0.62
0,0,0,1,0,0,0,0,1,0,0,0,0,0,0,0,0,0,0,0,0,0,0,0,0,1,0,0,19,0.7485,-0.6631,364.000,3.0,2024-05-07 15:15:00,-0.7518,-0.6593,False,10,0.05405405405405406,185,164,0,2024-05-07 13:45:00,-0.4423,-0.8969,False,False,Di.,0.78,0.62
0,0,0,1,0,0,0,0,1,0,0,0,0,0,0,0,0,0,0,0,0,0,0,0,0,1,0,0,19,0.7485,-0.6631,340.400,3.0,2024-05-07 17:00:00,-0.9659,-0.2588,False,16,0.11428571428571428,140,164,0,2024-05-07 15:30:00,-0.7934,-0.6088,False,False,Di.,0.78,0.62
0,1,0,0,0,0,0,0,0,0,0,0,0,0,1,0,0,0,0,0,0,0,0,0,0,1,0,0,19,0.7485,-0.6631,371.000,3.0,2024-05-08 10:00:00,0.5,-0.866,False,25,0.16891891891891891,148,164,0,2024-05-08 08:30:00,0.7934,-0.6088,False,False,Mi.,0.97,-0.22
0,0,0,0,0,0,0,0,0,0,1,0,1,0,0,1,0,0,0,0,0,0,0,0,0,0,0,0,19,0.7485,-0.6631,327.029,6.0,2024-05-08 11:45:00,0.0654,-0.9979,False,22,0.23157894736842105,95,152,1,2024-05-08 10:15:00,0.4423,-0.8969,False,False,Mi.,0.97,-0.22
0,0,0,0,0,0,0,0,0,0,0,0,0,0,0,0,0,0,1,1,0,0,0,0,0,1,0,0,19,0.7485,-0.6631,531.170,2.0,2024-05-08 11:45:00,0.0654,-0.9979,False,25,0.25773195876288657,97,164,0,2024-05-08 10:15:00,0.4423,-0.8969,False,False,Mi.,0.97,-0.22
0,0,0,1,0,0,0,0,0,0,0,0,0,0,0,1,0,0,0,0,0,0,0,0,0,1,0,0,19,0.7485,-0.6631,325.004,3.0,2024-05-08 11:45:00,0.0654,-0.9979,False,25,1.25,20,164,0,2024-05-08 10:15:00,0.4423,-0.8969,False,False,Mi.,0.97,-0.22
0,0,1,0,0,0,0,0,0,0,0,0,0,0,0,0,0,0,0,0,0,0,0,0,0,1,0,1,19,0.7485,-0.6631,258.300,3.0,2024-05-08 13:30:00,-0.3827,-0.9239,False,3,0.022727272727272728,132,164,0,2024-05-08 12:00:00,0.0,-1.0,False,False,Mi.,0.97,-0.22
0,0,0,0,0,0,0,0,1,0,1,0,1,0,0,0,0,0,0,0,0,0,0,0,0,0,0,0,19,0.7485,-0.6631,259.022,4.5,2024-05-08 14:30:00,-0.6088,-0.7934,False,35,0.5645161290322581,62,152,1,2024-05-08 12:00:00,0.0,-1.0,False,False,Mi.,0.97,-0.22
0,1,0,0,0,0,0,0,0,0,0,0,0,0,0,0,0,0,0,0,0,0,0,0,0,1,0,1,19,0.7485,-0.6631,257.200,3.0,2024-05-08 15:15:00,-0.7518,-0.6593,False,21,0.13815789473684212,152,164,0,2024-05-08 13:45:00,-0.4423,-0.8969,False,False,Mi.,0.97,-0.22
1,1,0,0,0,0,0,0,0,0,0,0,0,0,0,0,0,0,0,0,0,0,0,0,1,0,0,0,19,0.7485,-0.6631,365.232,1.5,2024-05-08 15:15:00,-0.7518,-0.6593,False,36,0.782608695652174,46,152,1,2024-05-08 14:30:00,-0.6088,-0.7934,False,False,Mi.,0.97,-0.22
0,1,0,0,0,0,0,0,0,0,0,0,0,0,0,0,0,0,0,0,0,0,0,0,1,0,0,1,19,0.7485,-0.6631,257.213,3.0,2024-05-08 17:00:00,-0.9659,-0.2588,False,17,1.0625,16,164,0,2024-05-08 15:30:00,-0.7934,-0.6088,False,False,Mi.,0.97,-0.22
0,1,0,0,0,0,0,0,0,0,0,0,0,0,0,0,0,0,0,0,0,0,0,0,1,0,0,1,19,0.7485,-0.6631,257.211,3.0,2024-05-08 17:00:00,-0.9659,-0.2588,False,17,0.5666666666666667,30,164,0,2024-05-08 15:30:00,-0.7934,-0.6088,False,False,Mi.,0.97,-0.22
0,1,0,0,0,0,0,0,0,0,0,0,0,0,0,0,0,0,0,0,0,0,0,0,1,0,0,1,19,0.7485,-0.6631,257.214,3.0,2024-05-08 17:00:00,-0.9659,-0.2588,False,17,0.5483870967741935,31,164,0,2024-05-08 15:30:00,-0.7934,-0.6088,False,False,Mi.,0.97,-0.22
0,0,0,1,0,0,0,0,0,0,1,0,0,0,0,0,0,0,0,0,0,0,1,0,0,0,0,0,19,0.7485,-0.6631,256.600,3.0,2024-05-08 18:45:00,-0.9808,0.1951,False,25,0.16233766233766234,154,164,0,2024-05-08 17:15:00,-0.9808,-0.1951,False,False,Mi.,0.97,-0.22
0,1,0,0,0,0,0,0,0,0,1,0,0,0,0,0,0,0,0,0,0,0,0,1,0,0,0,0,20,0.6631,-0.7485,238.302,3.0,2024-05-13 11:45:00,0.0654,-0.9979,False,26,0.22608695652173913,115,152,1,2024-05-13 10:15:00,0.4423,-0.8969,False,False,Mo.,0.0,1.0
0,1,0,0,0,0,0,0,0,0,1,0,0,0,0,0,0,0,0,0,0,0,1,0,0,0,0,0,20,0.6631,-0.7485,231.115,3.0,2024-05-13 13:30:00,-0.3827,-0.9239,False,8,0.1111111111111111,72,152,1,2024-05-13 12:00:00,0.0,-1.0,False,False,Mo.,0.0,1.0
0,0,0,0,0,0,0,0,0,0,0,0,1,0,0,0,0,0,0,0,0,0,0,0,0,1,0,1,20,0.6631,-0.7485,258.410,3.0,2024-05-13 13:30:00,-0.3827,-0.9239,False,41,0.2411764705882353,170,164,0,2024-05-13 12:00:00,0.0,-1.0,False,False,Mo.,0.0,1.0
0,0,0,0,0,0,0,1,0,0,1,0,0,0,0,0,0,0,0,0,0,1,0,0,0,0,0,0,20,0.6631,-0.7485,190.035,3.0,2024-05-13 15:15:00,-0.7518,-0.6593,False,13,0.203125,64,152,1,2024-05-13 13:45:00,-0.4423,-0.8969,False,False,Mo.,0.0,1.0
0,0,0,0,0,0,0,1,0,0,0,0,0,0,0,0,0,0,0,0,0,0,1,0,0,1,0,0,20,0.6631,-0.7485,136.309,3.0,2024-05-13 15:15:00,-0.7518,-0.6593,False,19,0.19387755102040816,98,164,0,2024-05-13 13:45:00,-0.4423,-0.8969,False,False,Mo.,0.0,1.0
0,1,0,0,0,0,0,0,0,0,1,0,0,0,0,0,0,0,0,0,0,0,0,1,0,0,0,0,20,0.6631,-0.7485,238.213,3.0,2024-05-13 17:00:00,-0.9659,-0.2588,False,24,0.15,160,164,0,2024-05-13 15:30:00,-0.7934,-0.6088,False,False,Mo.,0.0,1.0
0,0,1,0,0,0,0,0,0,0,0,0,0,0,0,0,1,0,0,0,0,0,0,0,0,1,0,0,20,0.6631,-0.7485,360.001,4.5,2024-05-13 18:45:00,-0.9808,0.1951,False,1,0.008264462809917356,121,164,0,2024-05-13 17:15:00,-0.9808,-0.1951,False,True,Mo.,0.0,1.0
0,0,1,0,0,0,0,0,1,0,0,0,0,0,0,0,0,0,0,0,0,0,0,0,0,1,0,0,20,0.6631,-0.7485,366.560,3.0,2024-05-14 10:00:00,0.5,-0.866,False,21,0.14189189189189189,148,152,1,2024-05-14 08:30:00,0.7934,-0.6088,False,False,Di.,0.78,0.62
0,0,1,0,0,0,0,0,0,0,0,0,0,0,0,0,1,0,0,0,0,0,0,0,0,1,0,0,20,0.6631,-0.7485,361.001,4.5,2024-05-14 10:00:00,0.5,-0.866,False,44,0.3333333333333333,132,164,0,2024-05-14 08:30:00,0.7934,-0.6088,False,False,Di.,0.78,0.62
0,1,0,0,0,0,0,0,1,0,0,0,0,0,0,0,0,0,0,0,0,0,0,0,0,1,0,0,20,0.6631,-0.7485,340.100,3.0,2024-05-14 11:45:00,0.0654,-0.9979,False,45,0.23195876288659795,194,164,0,2024-05-14 10:15:00,0.4423,-0.8969,False,False,Di.,0.78,0.62
0,0,1,0,0,0,0,0,0,0,0,0,0,0,0,0,1,0,0,0,0,0,0,0,0,1,0,0,20,0.6631,-0.7485,360.001,4.5,2024-05-14 11:45:00,0.0654,-0.9979,False,16,0.1322314049586777,121,152,1,2024-05-14 10:15:00,0.4423,-0.8969,False,False,Di.,0.78,0.62
0,1,0,0,0,0,0,0,0,0,0,0,0,0,0,0,0,1,0,0,0,0,0,0,0,1,0,0,20,0.6631,-0.7485,382.037,6.0,2024-05-14 15:15:00,-0.7518,-0.6593,False,16,0.11510791366906475,139,152,1,2024-05-14 12:00:00,0.0,-1.0,False,False,Di.,0.78,0.62
0,0,1,0,1,0,0,0,0,0,0,0,0,0,0,0,0,0,0,0,0,0,0,0,0,1,0,0,20,0.6631,-0.7485,259.002,3.0,2024-05-14 13:30:00,-0.3827,-0.9239,False,34,0.15246636771300448,223,164,0,2024-05-14 12:00:00,0.0,-1.0,False,False,Di.,0.78,0.62
0,0,0,1,0,0,0,0,1,0,0,0,0,0,0,0,0,0,0,0,0,0,0,0,0,1,0,0,20,0.6631,-0.7485,364.000,3.0,2024-05-14 15:15:00,-0.7518,-0.6593,False,14,0.07567567567567568,185,164,0,2024-05-14 13:45:00,-0.4423,-0.8969,False,False,Di.,0.78,0.62
0,1,0,0,0,0,0,0,0,0,1,0,0,0,0,0,0,0,0,0,0,0,1,0,0,0,0,0,20,0.6631,-0.7485,229.054,6.0,2024-05-14 18:00:00,-1.0,-0.0,False,20,0.14492753623188406,138,152,1,2024-05-14 15:30:00,-0.7934,-0.6088,False,False,Di.,0.78,0.62
0,0,0,1,0,0,0,0,1,0,0,0,0,0,0,0,0,0,0,0,0,0,0,0,0,1,0,0,20,0.6631,-0.7485,340.400,3.0,2024-05-14 17:00:00,-0.9659,-0.2588,False,22,0.15714285714285714,140,164,0,2024-05-14 15:30:00,-0.7934,-0.6088,False,False,Di.,0.78,0.62
0,1,0,0,0,0,0,0,0,0,0,0,0,0,1,0,0,0,0,0,0,0,0,0,0,1,0,0,20,0.6631,-0.7485,371.000,3.0,2024-05-15 10:00:00,0.5,-0.866,False,19,0.12837837837837837,148,164,0,2024-05-15 08:30:00,0.7934,-0.6088,False,False,Mi.,0.97,-0.22
0,1,0,0,0,0,0,0,0,0,1,0,0,0,0,0,0,0,0,0,0,0,1,0,0,0,0,0,20,0.6631,-0.7485,231.117,3.0,2024-05-15 10:00:00,0.5,-0.866,False,23,0.25842696629213485,89,152,1,2024-05-15 08:30:00,0.7934,-0.6088,False,False,Mi.,0.97,-0.22
0,0,0,1,0,0,0,0,0,0,0,0,0,0,0,1,0,0,0,0,0,0,0,0,0,1,0,0,20,0.6631,-0.7485,325.004,3.0,2024-05-15 11:45:00,0.0654,-0.9979,False,38,1.9,20,164,0,2024-05-15 10:15:00,0.4423,-0.8969,False,False,Mi.,0.97,-0.22
0,0,0,0,0,0,0,0,0,0,1,0,1,0,0,1,0,0,0,0,0,0,0,0,0,0,0,0,20,0.6631,-0.7485,327.029,6.0,2024-05-15 11:45:00,0.0654,-0.9979,False,22,0.23157894736842105,95,152,1,2024-05-15 10:15:00,0.4423,-0.8969,False,False,Mi.,0.97,-0.22
0,0,0,0,0,0,0,0,0,0,0,0,0,0,0,0,0,0,1,1,0,0,0,0,0,1,0,0,20,0.6631,-0.7485,531.170,2.0,2024-05-15 11:45:00,0.0654,-0.9979,False,38,0.3917525773195876,97,164,0,2024-05-15 10:15:00,0.4423,-0.8969,False,False,Mi.,0.97,-0.22
0,0,1,0,0,0,0,0,0,0,0,0,0,0,0,0,0,0,0,0,0,0,0,0,0,1,0,1,20,0.6631,-0.7485,258.300,3.0,2024-05-15 13:30:00,-0.3827,-0.9239,False,8,0.06060606060606061,132,164,0,2024-05-15 12:00:00,0.0,-1.0,False,False,Mi.,0.97,-0.22
0,0,0,0,0,0,0,0,1,0,1,0,1,0,0,0,0,0,0,0,0,0,0,0,0,0,0,0,20,0.6631,-0.7485,259.022,4.5,2024-05-15 14:30:00,-0.6088,-0.7934,False,23,0.3709677419354839,62,152,1,2024-05-15 12:00:00,0.0,-1.0,False,False,Mi.,0.97,-0.22
0,1,0,0,0,0,0,0,0,0,0,0,0,0,0,0,0,0,0,0,0,0,0,0,0,1,0,1,20,0.6631,-0.7485,257.200,3.0,2024-05-15 15:15:00,-0.7518,-0.6593,False,25,0.16447368421052633,152,164,0,2024-05-15 13:45:00,-0.4423,-0.8969,False,False,Mi.,0.97,-0.22
1,1,0,0,0,0,0,0,0,0,0,0,0,0,0,0,0,0,0,0,0,0,0,0,1,0,0,0,20,0.6631,-0.7485,365.232,1.5,2024-05-15 15:15:00,-0.7518,-0.6593,False,19,0.41304347826086957,46,152,1,2024-05-15 14:30:00,-0.6088,-0.7934,False,False,Mi.,0.97,-0.22
0,1,0,0,0,0,0,0,0,0,0,0,0,0,1,0,0,0,0,0,0,0,0,0,0,1,0,0,20,0.6631,-0.7485,371.000,3.0,2024-05-16 10:00:00,0.5,-0.866,False,25,0.16891891891891891,148,164,0,2024-05-16 08:30:00,0.7934,-0.6088,False,False,Do.,0.43,-0.9
0,0,1,0,0,0,0,0,0,0,0,0,0,0,1,0,0,0,0,0,0,0,0,0,0,1,0,0,20,0.6631,-0.7485,358.001,3.0,2024-05-16 10:00:00,0.5,-0.866,False,21,0.17796610169491525,118,152,1,2024-05-16 08:30:00,0.7934,-0.6088,False,False,Do.,0.43,-0.9
0,0,0,0,0,0,0,0,0,0,0,0,0,0,0,0,0,0,1,1,0,0,0,0,0,1,0,0,20,0.6631,-0.7485,531.120,4.0,2024-05-16 11:45:00,0.0654,-0.9979,False,31,0.30392156862745096,102,164,0,2024-05-16 10:15:00,0.4423,-0.8969,False,False,Do.,0.43,-0.9
0,0,0,0,0,0,0,0,0,0,1,0,1,0,0,1,0,0,0,0,0,0,0,0,0,0,0,0,20,0.6631,-0.7485,327.029,6.0,2024-05-16 11:45:00,0.0654,-0.9979,False,18,0.18947368421052632,95,152,1,2024-05-16 10:15:00,0.4423,-0.8969,False,False,Do.,0.43,-0.9
0,0,0,0,0,0,0,0,0,0,0,0,0,0,0,0,0,0,1,1,0,0,0,0,0,1,0,0,20,0.6631,-0.7485,531.120,4.0,2024-05-16 13:30:00,-0.3827,-0.9239,False,12,0.11764705882352941,102,164,0,2024-05-16 12:00:00,0.0,-1.0,False,True,Do.,0.43,-0.9
0,0,0,0,0,0,0,0,0,0,1,0,0,0,0,0,0,0,1,1,0,0,0,0,0,0,0,0,20,0.6631,-0.7485,531.241,3.0,2024-05-16 14:30:00,-0.6088,-0.7934,False,36,3.6,10,152,1,2024-05-16 13:45:00,-0.4423,-0.8969,False,False,Do.,0.43,-0.9
0,0,0,0,0,0,0,0,0,0,1,0,0,0,0,0,0,0,1,1,0,0,0,0,0,0,0,0,20,0.6631,-0.7485,531.240,3.0,2024-05-16 14:30:00,-0.6088,-0.7934,False,36,1.2,30,152,1,2024-05-16 13:45:00,-0.4423,-0.8969,False,False,Do.,0.43,-0.9
0,0,0,0,0,0,0,0,0,0,1,0,0,0,0,0,0,0,1,1,0,0,0,0,0,0,0,0,20,0.6631,-0.7485,531.242,3.0,2024-05-16 14:30:00,-0.6088,-0.7934,False,36,2.5714285714285716,14,152,1,2024-05-16 13:45:00,-0.4423,-0.8969,False,False,Do.,0.43,-0.9
0,0,0,0,0,0,0,0,0,0,0,0,0,0,0,0,0,0,1,1,0,0,0,0,0,1,0,0,20,0.6631,-0.7485,531.208,4.0,2024-05-16 15:15:00,-0.7518,-0.6593,False,17,0.2236842105263158,76,164,0,2024-05-16 13:45:00,-0.4423,-0.8969,False,False,Do.,0.43,-0.9
0,0,0,0,0,0,0,0,0,0,1,0,0,0,0,0,0,0,1,1,0,0,0,0,0,0,0,0,20,0.6631,-0.7485,531.240,3.0,2024-05-16 15:15:00,-0.7518,-0.6593,False,36,1.2,30,152,1,2024-05-16 14:30:00,-0.6088,-0.7934,False,False,Do.,0.43,-0.9
0,1,0,0,0,0,0,0,1,0,0,0,0,0,0,0,0,0,0,0,0,0,0,0,0,1,0,0,20,0.6631,-0.7485,339.170,3.0,2024-05-16 17:00:00,-0.9659,-0.2588,False,30,0.2777777777777778,108,152,1,2024-05-16 15:30:00,-0.7934,-0.6088,False,False,Do.,0.43,-0.9
0,0,1,0,0,0,0,0,0,0,1,0,0,0,0,0,0,0,0,0,0,1,0,0,0,0,0,0,20,0.6631,-0.7485,190.300,4.5,2024-05-16 19:45:00,-0.8969,0.4423,False,22,0.1864406779661017,118,152,1,2024-05-16 17:15:00,-0.9808,-0.1951,False,False,Do.,0.43,-0.9
0,0,0,0,0,0,0,1,0,0,1,0,0,0,0,0,0,0,0,0,0,1,0,0,0,0,0,0,20,0.6631,-0.7485,243.115,6.0,2024-05-17 11:45:00,0.0654,-0.9979,False,42,0.3111111111111111,135,164,0,2024-05-17 08:30:00,0.7934,-0.6088,False,False,Fr.,-0.43,-0.9
0,0,0,0,0,0,0,1,0,0,0,0,0,0,0,0,0,0,0,0,0,1,0,0,0,1,0,0,21,0.5681,-0.823,150.031,1.5,2024-05-21 17:15:00,-0.9808,-0.1951,True,19,0.3064516129032258,62,164,0,2024-05-21 16:15:00,-0.8969,-0.4423,False,False,Di.,0.78,0.62
0,0,0,0,0,0,0,0,0,0,1,0,1,0,0,1,0,0,0,0,0,0,0,0,0,0,0,0,21,0.5681,-0.823,327.029,6.0,2024-05-22 10:00:00,0.5,-0.866,False,16,0.16842105263157894,95,152,1,2024-05-22 08:30:00,0.7934,-0.6088,False,False,Mi.,0.97,-0.22
0,1,0,0,0,0,0,0,0,0,0,0,0,0,1,0,0,0,0,0,0,0,0,0,0,1,0,0,21,0.5681,-0.823,371.000,3.0,2024-05-22 10:00:00,0.5,-0.866,False,19,0.12837837837837837,148,164,0,2024-05-22 08:30:00,0.7934,-0.6088,False,False,Mi.,0.97,-0.22
0,0,0,0,0,0,0,0,0,0,1,0,1,0,0,1,0,0,0,0,0,0,0,0,0,0,0,0,21,0.5681,-0.823,327.029,6.0,2024-05-22 11:45:00,0.0654,-0.9979,False,19,0.2,95,152,1,2024-05-22 10:15:00,0.4423,-0.8969,False,False,Mi.,0.97,-0.22
0,0,0,0,0,0,0,0,0,0,0,0,0,0,0,0,0,0,1,1,0,0,0,0,0,1,0,0,21,0.5681,-0.823,531.170,2.0,2024-05-22 11:45:00,0.0654,-0.9979,False,20,0.20618556701030927,97,164,0,2024-05-22 10:15:00,0.4423,-0.8969,False,False,Mi.,0.97,-0.22
0,0,0,1,0,0,0,0,0,0,0,0,0,0,0,1,0,0,0,0,0,0,0,0,0,1,0,0,21,0.5681,-0.823,325.004,3.0,2024-05-22 11:45:00,0.0654,-0.9979,False,20,1.0,20,164,0,2024-05-22 10:15:00,0.4423,-0.8969,False,False,Mi.,0.97,-0.22
0,0,0,0,0,0,0,0,1,0,1,0,1,0,0,0,0,0,0,0,0,0,0,0,0,0,0,0,21,0.5681,-0.823,259.022,4.5,2024-05-22 14:30:00,-0.6088,-0.7934,False,23,0.3709677419354839,62,152,1,2024-05-22 12:00:00,0.0,-1.0,False,False,Mi.,0.97,-0.22
0,0,1,0,0,0,0,0,0,0,0,0,0,0,0,0,0,0,0,0,0,0,0,0,0,1,0,1,21,0.5681,-0.823,258.300,3.0,2024-05-22 13:30:00,-0.3827,-0.9239,False,2,0.015151515151515152,132,164,0,2024-05-22 12:00:00,0.0,-1.0,False,False,Mi.,0.97,-0.22
1,1,0,0,0,0,0,0,0,0,0,0,0,0,0,0,0,0,0,0,0,0,0,0,1,0,0,0,21,0.5681,-0.823,365.232,1.5,2024-05-22 15:15:00,-0.7518,-0.6593,False,23,0.5,46,152,1,2024-05-22 14:30:00,-0.6088,-0.7934,False,False,Mi.,0.97,-0.22
0,0,0,1,0,0,0,0,0,0,1,0,0,0,0,0,0,0,0,0,0,0,1,0,0,0,0,0,21,0.5681,-0.823,256.600,3.0,2024-05-22 18:45:00,-0.9808,0.1951,False,1,0.006493506493506494,154,164,0,2024-05-22 17:15:00,-0.9808,-0.1951,False,False,Mi.,0.97,-0.22
0,1,0,0,0,0,0,0,0,0,0,0,0,0,1,0,0,0,0,0,0,0,0,0,0,1,0,0,21,0.5681,-0.823,371.000,3.0,2024-05-23 10:00:00,0.5,-0.866,False,25,0.16891891891891891,148,164,0,2024-05-23 08:30:00,0.7934,-0.6088,False,False,Do.,0.43,-0.9
0,0,1,0,0,0,0,0,0,0,0,0,0,0,1,0,0,0,0,0,0,0,0,0,0,1,0,0,21,0.5681,-0.823,358.001,3.0,2024-05-23 10:00:00,0.5,-0.866,False,10,0.0847457627118644,118,152,1,2024-05-23 08:30:00,0.7934,-0.6088,False,False,Do.,0.43,-0.9
0,0,0,0,0,0,0,0,0,0,0,0,0,0,0,0,0,0,1,1,0,0,0,0,0,1,0,0,21,0.5681,-0.823,531.120,4.0,2024-05-23 11:45:00,0.0654,-0.9979,False,25,0.24509803921568626,102,164,0,2024-05-23 10:15:00,0.4423,-0.8969,False,False,Do.,0.43,-0.9
0,0,0,0,0,0,0,0,0,0,1,0,1,0,0,1,0,0,0,0,0,0,0,0,0,0,0,0,21,0.5681,-0.823,327.029,6.0,2024-05-23 11:45:00,0.0654,-0.9979,False,19,0.2,95,152,1,2024-05-23 10:15:00,0.4423,-0.8969,False,False,Do.,0.43,-0.9
0,0,0,0,0,0,0,0,0,0,0,0,0,0,0,0,0,0,1,1,0,0,0,0,0,1,0,0,21,0.5681,-0.823,531.120,4.0,2024-05-23 13:30:00,-0.3827,-0.9239,False,4,0.0392156862745098,102,164,0,2024-05-23 12:00:00,0.0,-1.0,False,True,Do.,0.43,-0.9
0,0,0,0,0,0,0,0,0,0,1,0,0,0,0,0,0,0,1,1,0,0,0,0,0,0,0,0,21,0.5681,-0.823,531.242,3.0,2024-05-23 14:30:00,-0.6088,-0.7934,False,47,3.357142857142857,14,152,1,2024-05-23 13:45:00,-0.4423,-0.8969,False,False,Do.,0.43,-0.9
0,0,0,0,0,0,0,0,0,0,1,0,0,0,0,0,0,0,1,1,0,0,0,0,0,0,0,0,21,0.5681,-0.823,531.241,3.0,2024-05-23 14:30:00,-0.6088,-0.7934,False,47,4.7,10,152,1,2024-05-23 13:45:00,-0.4423,-0.8969,False,False,Do.,0.43,-0.9
0,0,0,0,0,0,0,0,0,0,0,0,0,0,0,0,0,0,1,1,0,0,0,0,0,1,0,0,21,0.5681,-0.823,531.208,4.0,2024-05-23 15:15:00,-0.7518,-0.6593,False,12,0.15789473684210525,76,164,0,2024-05-23 13:45:00,-0.4423,-0.8969,False,False,Do.,0.43,-0.9
0,0,0,0,0,0,0,0,0,0,1,0,0,0,0,0,0,0,1,1,0,0,0,0,0,0,0,0,21,0.5681,-0.823,531.240,3.0,2024-05-23 14:30:00,-0.6088,-0.7934,False,47,1.5666666666666667,30,152,1,2024-05-23 13:45:00,-0.4423,-0.8969,False,False,Do.,0.43,-0.9
0,0,0,0,0,0,0,0,0,0,1,0,0,0,0,0,0,0,1,1,0,0,0,0,0,0,0,0,21,0.5681,-0.823,531.240,3.0,2024-05-23 15:15:00,-0.7518,-0.6593,False,47,1.5666666666666667,30,152,1,2024-05-23 14:30:00,-0.6088,-0.7934,False,False,Do.,0.43,-0.9
0,0,0,0,0,0,0,0,0,0,1,0,0,0,0,0,0,0,1,1,0,0,0,0,0,0,0,0,21,0.5681,-0.823,531.241,3.0,2024-05-23 16:15:00,-0.8969,-0.4423,False,6,0.6,10,164,0,2024-05-23 15:30:00,-0.7934,-0.6088,True,False,Do.,0.43,-0.9
0,0,0,0,0,0,0,0,0,0,1,0,0,0,0,0,0,0,1,1,0,0,0,0,0,0,0,0,21,0.5681,-0.823,531.242,3.0,2024-05-23 16:15:00,-0.8969,-0.4423,False,6,0.42857142857142855,14,164,0,2024-05-23 15:30:00,-0.7934,-0.6088,True,False,Do.,0.43,-0.9
0,0,0,0,0,0,0,0,0,0,1,0,0,0,0,0,0,0,1,1,0,0,0,0,0,0,0,0,21,0.5681,-0.823,531.240,3.0,2024-05-23 16:15:00,-0.8969,-0.4423,False,6,0.2,30,164,0,2024-05-23 15:30:00,-0.7934,-0.6088,True,False,Do.,0.43,-0.9
0,1,0,0,0,0,0,0,1,0,0,0,0,0,0,0,0,0,0,0,0,0,0,0,0,1,0,0,21,0.5681,-0.823,339.170,3.0,2024-05-23 17:00:00,-0.9659,-0.2588,False,26,0.24074074074074073,108,152,1,2024-05-23 15:30:00,-0.7934,-0.6088,False,False,Do.,0.43,-0.9
0,0,1,0,0,0,0,0,0,0,1,0,0,0,0,0,0,0,0,0,0,1,0,0,0,0,0,0,21,0.5681,-0.823,190.300,4.5,2024-05-23 19:45:00,-0.8969,0.4423,False,24,0.2033898305084746,118,152,1,2024-05-23 17:15:00,-0.9808,-0.1951,False,False,Do.,0.43,-0.9
0,0,1,0,0,0,0,0,0,0,0,0,0,0,0,0,1,0,0,0,0,0,0,0,1,0,0,0,21,0.5681,-0.823,362.064,1.5,2024-05-24 10:00:00,0.5,-0.866,False,14,0.7,20,152,1,2024-05-24 08:30:00,0.7934,-0.6088,False,False,Fr.,-0.43,-0.9
0,0,1,0,0,0,0,0,0,0,0,0,0,0,0,0,1,0,0,0,0,0,0,0,1,0,0,0,21,0.5681,-0.823,362.065,1.5,2024-05-24 11:45:00,0.0654,-0.9979,False,12,0.36363636363636365,33,152,1,2024-05-24 10:15:00,0.4423,-0.8969,False,False,Fr.,-0.43,-0.9
0,0,1,0,0,0,0,0,0,0,0,0,0,0,0,0,1,0,0,0,0,0,0,0,1,0,0,0,21,0.5681,-0.823,362.066,1.5,2024-05-24 14:30:00,-0.6088,-0.7934,False,11,0.5238095238095238,21,152,1,2024-05-24 12:45:00,-0.1951,-0.9808,False,False,Fr.,-0.43,-0.9
0,0,1,0,0,0,0,0,1,0,0,0,0,0,0,0,0,0,0,0,0,0,0,0,0,1,0,0,22,0.4647,-0.8855,367.144,3.0,2024-05-27 11:45:00,0.0654,-0.9979,True,7,0.03867403314917127,181,164,0,2024-05-27 08:30:00,0.7934,-0.6088,False,False,Mo.,0.0,1.0
0,0,0,0,0,0,0,0,0,0,0,0,0,0,0,0,0,0,1,1,0,0,0,0,0,1,0,0,22,0.4647,-0.8855,367.145,3.0,2024-05-27 11:45:00,0.0654,-0.9979,True,7,3.5,2,164,0,2024-05-27 08:30:00,0.7934,-0.6088,False,False,Mo.,0.0,1.0
0,1,0,0,0,0,0,0,0,0,1,0,0,0,0,0,0,0,0,0,0,0,0,1,0,0,0,0,22,0.4647,-0.8855,238.302,3.0,2024-05-27 11:45:00,0.0654,-0.9979,False,22,0.19130434782608696,115,152,1,2024-05-27 10:15:00,0.4423,-0.8969,False,False,Mo.,0.0,1.0
0,1,0,0,0,0,0,0,0,0,1,0,0,0,0,0,0,0,0,0,0,0,1,0,0,0,0,0,22,0.4647,-0.8855,231.115,3.0,2024-05-27 13:30:00,-0.3827,-0.9239,False,22,0.3055555555555556,72,152,1,2024-05-27 12:00:00,0.0,-1.0,False,False,Mo.,0.0,1.0
0,0,0,0,0,0,0,0,0,0,0,0,1,0,0,0,0,0,0,0,0,0,0,0,0,1,0,1,22,0.4647,-0.8855,258.410,3.0,2024-05-27 13:30:00,-0.3827,-0.9239,False,43,0.2529411764705882,170,164,0,2024-05-27 12:00:00,0.0,-1.0,False,False,Mo.,0.0,1.0
0,0,0,0,0,0,0,1,0,0,0,0,0,0,0,0,0,0,0,0,0,0,1,0,0,1,0,0,22,0.4647,-0.8855,136.309,3.0,2024-05-27 15:15:00,-0.7518,-0.6593,False,16,0.16326530612244897,98,164,0,2024-05-27 13:45:00,-0.4423,-0.8969,False,False,Mo.,0.0,1.0
0,0,0,0,0,0,0,1,0,0,1,0,0,0,0,0,0,0,0,0,0,1,0,0,0,0,0,0,22,0.4647,-0.8855,190.035,3.0,2024-05-27 15:15:00,-0.7518,-0.6593,False,17,0.265625,64,152,1,2024-05-27 13:45:00,-0.4423,-0.8969,False,False,Mo.,0.0,1.0
0,1,0,0,0,0,0,0,0,0,1,0,0,0,0,0,0,0,0,0,0,0,0,1,0,0,0,0,22,0.4647,-0.8855,238.213,3.0,2024-05-27 17:00:00,-0.9659,-0.2588,False,22,0.1375,160,164,0,2024-05-27 15:30:00,-0.7934,-0.6088,False,False,Mo.,0.0,1.0
0,0,1,0,0,0,0,0,0,0,0,0,0,0,0,0,1,0,0,0,0,0,0,0,0,1,0,0,22,0.4647,-0.8855,360.001,4.5,2024-05-27 18:45:00,-0.9808,0.1951,False,5,0.04132231404958678,121,164,0,2024-05-27 17:15:00,-0.9808,-0.1951,False,True,Mo.,0.0,1.0
0,0,1,0,0,0,0,0,1,0,0,0,0,0,0,0,0,0,0,0,0,0,0,0,0,1,0,0,22,0.4647,-0.8855,366.560,3.0,2024-05-28 10:00:00,0.5,-0.866,False,18,0.12162162162162163,148,152,1,2024-05-28 08:30:00,0.7934,-0.6088,False,False,Di.,0.78,0.62
0,0,1,0,0,0,0,0,0,0,0,0,0,0,0,0,1,0,0,0,0,0,0,0,0,1,0,0,22,0.4647,-0.8855,361.001,4.5,2024-05-28 10:00:00,0.5,-0.866,False,27,0.20454545454545456,132,164,0,2024-05-28 08:30:00,0.7934,-0.6088,False,False,Di.,0.78,0.62
0,0,1,0,0,0,0,0,0,0,0,0,0,0,0,0,1,0,0,0,0,0,0,0,0,1,0,0,22,0.4647,-0.8855,360.001,4.5,2024-05-28 11:45:00,0.0654,-0.9979,False,30,0.24793388429752067,121,152,1,2024-05-28 10:15:00,0.4423,-0.8969,False,False,Di.,0.78,0.62
0,1,0,0,0,0,0,0,0,0,0,0,0,0,0,0,0,1,0,0,0,0,0,0,0,1,0,0,22,0.4647,-0.8855,382.037,6.0,2024-05-28 15:15:00,-0.7518,-0.6593,False,29,0.20863309352517986,139,152,1,2024-05-28 12:00:00,0.0,-1.0,False,False,Di.,0.78,0.62
0,0,0,1,0,0,0,0,1,0,0,0,0,0,0,0,0,0,0,0,0,0,0,0,0,1,0,0,22,0.4647,-0.8855,364.000,3.0,2024-05-28 15:15:00,-0.7518,-0.6593,False,16,0.08648648648648649,185,164,0,2024-05-28 13:45:00,-0.4423,-0.8969,False,False,Di.,0.78,0.62
0,0,0,1,0,0,0,0,1,0,0,0,0,0,0,0,0,0,0,0,0,0,0,0,0,1,0,0,22,0.4647,-0.8855,340.400,3.0,2024-05-28 17:00:00,-0.9659,-0.2588,False,21,0.15,140,164,0,2024-05-28 15:30:00,-0.7934,-0.6088,False,False,Di.,0.78,0.62
0,1,0,0,0,0,0,0,0,0,0,0,0,0,1,0,0,0,0,0,0,0,0,0,0,1,0,0,22,0.4647,-0.8855,371.000,3.0,2024-05-29 10:00:00,0.5,-0.866,False,22,0.14864864864864866,148,164,0,2024-05-29 08:30:00,0.7934,-0.6088,False,False,Mi.,0.97,-0.22
0,0,0,0,0,0,0,0,0,0,1,0,1,0,0,1,0,0,0,0,0,0,0,0,0,0,0,0,22,0.4647,-0.8855,327.029,6.0,2024-05-29 10:00:00,0.5,-0.866,False,14,0.14736842105263157,95,152,1,2024-05-29 08:30:00,0.7934,-0.6088,False,False,Mi.,0.97,-0.22
0,0,0,1,0,0,0,0,0,0,0,0,0,0,0,1,0,0,0,0,0,0,0,0,0,1,0,0,22,0.4647,-0.8855,325.004,3.0,2024-05-29 11:45:00,0.0654,-0.9979,False,38,1.9,20,164,0,2024-05-29 10:15:00,0.4423,-0.8969,False,False,Mi.,0.97,-0.22
0,0,0,0,0,0,0,0,0,0,1,0,1,0,0,1,0,0,0,0,0,0,0,0,0,0,0,0,22,0.4647,-0.8855,327.029,6.0,2024-05-29 11:45:00,0.0654,-0.9979,False,16,0.16842105263157894,95,152,1,2024-05-29 10:15:00,0.4423,-0.8969,False,False,Mi.,0.97,-0.22
0,0,0,0,0,0,0,0,0,0,0,0,0,0,0,0,0,0,1,1,0,0,0,0,0,1,0,0,22,0.4647,-0.8855,531.170,2.0,2024-05-29 11:45:00,0.0654,-0.9979,False,38,0.3917525773195876,97,164,0,2024-05-29 10:15:00,0.4423,-0.8969,False,False,Mi.,0.97,-0.22
0,0,1,0,0,0,0,0,0,0,0,0,0,0,0,0,0,0,0,0,0,0,0,0,0,1,0,1,22,0.4647,-0.8855,258.300,3.0,2024-05-29 13:30:00,-0.3827,-0.9239,False,3,0.022727272727272728,132,164,0,2024-05-29 12:00:00,0.0,-1.0,False,False,Mi.,0.97,-0.22
0,0,0,0,0,0,0,0,1,0,1,0,1,0,0,0,0,0,0,0,0,0,0,0,0,0,0,0,22,0.4647,-0.8855,259.022,4.5,2024-05-29 14:30:00,-0.6088,-0.7934,False,27,0.43548387096774194,62,152,1,2024-05-29 12:00:00,0.0,-1.0,False,False,Mi.,0.97,-0.22
1,1,0,0,0,0,0,0,0,0,0,0,0,0,0,0,0,0,0,0,0,0,0,0,1,0,0,0,22,0.4647,-0.8855,365.232,1.5,2024-05-29 15:15:00,-0.7518,-0.6593,False,27,0.5869565217391305,46,152,1,2024-05-29 14:30:00,-0.6088,-0.7934,False,False,Mi.,0.97,-0.22
0,1,0,0,0,0,0,0,0,0,0,0,0,0,0,0,0,0,0,0,0,0,0,0,1,0,0,1,22,0.4647,-0.8855,257.213,3.0,2024-05-29 17:00:00,-0.9659,-0.2588,False,10,0.625,16,164,0,2024-05-29 15:30:00,-0.7934,-0.6088,False,False,Mi.,0.97,-0.22
0,1,0,0,0,0,0,0,0,0,0,0,0,0,0,0,0,0,0,0,0,0,0,0,1,0,0,1,22,0.4647,-0.8855,257.211,3.0,2024-05-29 17:00:00,-0.9659,-0.2588,False,10,0.3333333333333333,30,164,0,2024-05-29 15:30:00,-0.7934,-0.6088,False,False,Mi.,0.97,-0.22
0,1,0,0,0,0,0,0,0,0,0,0,0,0,0,0,0,0,0,0,0,0,0,0,1,0,0,1,22,0.4647,-0.8855,257.214,3.0,2024-05-29 17:00:00,-0.9659,-0.2588,False,10,0.3225806451612903,31,164,0,2024-05-29 15:30:00,-0.7934,-0.6088,False,False,Mi.,0.97,-0.22
0,0,0,1,0,0,0,0,0,0,1,0,0,0,0,0,0,0,0,0,0,0,1,0,0,0,0,0,22,0.4647,-0.8855,256.600,3.0,2024-05-29 18:45:00,-0.9808,0.1951,False,24,0.15584415584415584,154,164,0,2024-05-29 17:15:00,-0.9808,-0.1951,False,False,Mi.,0.97,-0.22
0,1,0,0,0,0,0,0,0,0,1,0,0,0,0,0,0,0,0,0,0,0,0,1,0,0,0,0,23,0.3546,-0.935,238.302,3.0,2024-06-03 11:45:00,0.0654,-0.9979,False,19,0.16521739130434782,115,152,1,2024-06-03 10:15:00,0.4423,-0.8969,False,False,Mo.,0.0,1.0
0,1,0,0,0,0,0,0,0,0,1,0,0,0,0,0,0,0,0,0,0,0,1,0,0,0,0,0,23,0.3546,-0.935,231.115,3.0,2024-06-03 13:30:00,-0.3827,-0.9239,False,15,0.20833333333333334,72,152,1,2024-06-03 12:00:00,0.0,-1.0,False,False,Mo.,0.0,1.0
0,0,0,0,0,0,0,0,0,0,0,0,1,0,0,0,0,0,0,0,0,0,0,0,0,1,0,1,23,0.3546,-0.935,258.410,3.0,2024-06-03 13:30:00,-0.3827,-0.9239,False,37,0.21764705882352942,170,164,0,2024-06-03 12:00:00,0.0,-1.0,False,False,Mo.,0.0,1.0
0,0,0,0,0,0,0,1,0,0,1,0,0,0,0,0,0,0,0,0,0,1,0,0,0,0,0,0,23,0.3546,-0.935,190.035,3.0,2024-06-03 15:15:00,-0.7518,-0.6593,False,6,0.09375,64,152,1,2024-06-03 13:45:00,-0.4423,-0.8969,False,False,Mo.,0.0,1.0
0,0,0,0,0,0,0,1,0,0,0,0,0,0,0,0,0,0,0,0,0,0,1,0,0,1,0,0,23,0.3546,-0.935,136.309,3.0,2024-06-03 15:15:00,-0.7518,-0.6593,False,17,0.17346938775510204,98,164,0,2024-06-03 13:45:00,-0.4423,-0.8969,False,False,Mo.,0.0,1.0
0,0,0,0,0,0,0,0,0,0,1,0,0,0,0,0,0,0,1,1,0,0,0,0,0,0,0,0,23,0.3546,-0.935,150.005,2.0,2024-06-03 18:45:00,-0.9808,0.1951,False,16,0.45714285714285713,35,152,1,2024-06-03 15:30:00,-0.7934,-0.6088,False,False,Mo.,0.0,1.0
0,1,0,0,0,0,0,0,0,0,1,0,0,0,0,0,0,0,0,0,0,0,0,1,0,0,0,0,23,0.3546,-0.935,238.213,3.0,2024-06-03 17:00:00,-0.9659,-0.2588,False,16,0.1,160,164,0,2024-06-03 15:30:00,-0.7934,-0.6088,False,False,Mo.,0.0,1.0
0,0,1,0,0,0,0,0,0,0,0,0,0,0,0,0,1,0,0,0,0,0,0,0,0,1,0,0,23,0.3546,-0.935,360.001,4.5,2024-06-03 18:45:00,-0.9808,0.1951,False,5,0.04132231404958678,121,164,0,2024-06-03 17:15:00,-0.9808,-0.1951,False,True,Mo.,0.0,1.0
0,0,1,0,0,0,0,0,0,0,0,0,0,0,0,0,1,0,0,0,0,0,0,0,0,1,0,0,23,0.3546,-0.935,361.001,4.5,2024-06-04 10:00:00,0.5,-0.866,False,43,0.32575757575757575,132,164,0,2024-06-04 08:30:00,0.7934,-0.6088,False,False,Di.,0.78,0.62
0,0,1,0,0,0,0,0,1,0,0,0,0,0,0,0,0,0,0,0,0,0,0,0,0,1,0,0,23,0.3546,-0.935,366.560,3.0,2024-06-04 10:00:00,0.5,-0.866,False,23,0.1554054054054054,148,152,1,2024-06-04 08:30:00,0.7934,-0.6088,False,False,Di.,0.78,0.62
0,1,0,0,0,0,0,0,1,0,0,0,0,0,0,0,0,0,0,0,0,0,0,0,0,1,0,0,23,0.3546,-0.935,340.100,3.0,2024-06-04 11:45:00,0.0654,-0.9979,False,28,0.14432989690721648,194,164,0,2024-06-04 10:15:00,0.4423,-0.8969,False,False,Di.,0.78,0.62
0,0,1,0,0,0,0,0,0,0,0,0,0,0,0,0,1,0,0,0,0,0,0,0,0,1,0,0,23,0.3546,-0.935,360.001,4.5,2024-06-04 11:45:00,0.0654,-0.9979,False,8,0.06611570247933884,121,152,1,2024-06-04 10:15:00,0.4423,-0.8969,False,False,Di.,0.78,0.62
0,0,1,0,1,0,0,0,0,0,0,0,0,0,0,0,0,0,0,0,0,0,0,0,0,1,0,0,23,0.3546,-0.935,259.002,3.0,2024-06-04 13:30:00,-0.3827,-0.9239,False,22,0.09865470852017937,223,164,0,2024-06-04 12:00:00,0.0,-1.0,False,False,Di.,0.78,0.62
0,1,0,0,0,0,0,0,0,0,0,0,0,0,0,0,0,1,0,0,0,0,0,0,0,1,0,0,23,0.3546,-0.935,382.037,6.0,2024-06-04 15:15:00,-0.7518,-0.6593,False,19,0.1366906474820144,139,152,1,2024-06-04 12:00:00,0.0,-1.0,False,False,Di.,0.78,0.62
0,0,0,1,0,0,0,0,1,0,0,0,0,0,0,0,0,0,0,0,0,0,0,0,0,1,0,0,23,0.3546,-0.935,364.000,3.0,2024-06-04 15:15:00,-0.7518,-0.6593,False,9,0.04864864864864865,185,164,0,2024-06-04 13:45:00,-0.4423,-0.8969,False,False,Di.,0.78,0.62
0,1,0,0,0,0,0,0,0,0,1,0,0,0,0,0,0,0,0,0,0,0,1,0,0,0,0,0,23,0.3546,-0.935,229.054,6.0,2024-06-04 18:00:00,-1.0,-0.0,False,15,0.10869565217391304,138,152,1,2024-06-04 15:30:00,-0.7934,-0.6088,False,False,Di.,0.78,0.62
0,1,0,0,0,0,0,0,0,0,0,0,0,0,1,0,0,0,0,0,0,0,0,0,0,1,0,0,23,0.3546,-0.935,371.000,3.0,2024-06-05 10:00:00,0.5,-0.866,False,23,0.1554054054054054,148,164,0,2024-06-05 08:30:00,0.7934,-0.6088,False,False,Mi.,0.97,-0.22
0,0,0,1,0,0,0,0,0,0,0,0,0,0,0,1,0,0,0,0,0,0,0,0,0,1,0,0,23,0.3546,-0.935,325.004,3.0,2024-06-05 11:45:00,0.0654,-0.9979,False,31,1.55,20,164,0,2024-06-05 10:15:00,0.4423,-0.8969,False,False,Mi.,0.97,-0.22
0,0,1,0,1,0,0,0,0,0,0,0,0,0,0,0,0,0,0,0,0,0,0,0,1,0,0,0,23,0.3546,-0.935,269.031,3.0,2024-06-05 11:45:00,0.0654,-0.9979,True,70,1.8918918918918919,37,152,1,2024-06-05 10:15:00,0.4423,-0.8969,False,False,Mi.,0.97,-0.22
0,0,0,0,0,0,0,0,0,0,0,0,0,0,0,0,0,0,1,1,0,0,0,0,0,1,0,0,23,0.3546,-0.935,531.170,2.0,2024-06-05 11:45:00,0.0654,-0.9979,False,31,0.31958762886597936,97,164,0,2024-06-05 10:15:00,0.4423,-0.8969,False,False,Mi.,0.97,-0.22
0,0,1,0,1,0,0,0,0,0,0,0,0,0,0,0,0,0,0,0,0,0,0,0,1,0,0,0,23,0.3546,-0.935,269.035,3.0,2024-06-05 11:45:00,0.0654,-0.9979,True,70,1.8421052631578947,38,152,1,2024-06-05 10:15:00,0.4423,-0.8969,False,False,Mi.,0.97,-0.22
0,0,0,0,0,0,0,0,1,0,1,0,1,0,0,0,0,0,0,0,0,0,0,0,0,0,0,0,23,0.3546,-0.935,259.022,4.5,2024-06-05 14:30:00,-0.6088,-0.7934,False,19,0.3064516129032258,62,152,1,2024-06-05 12:00:00,0.0,-1.0,False,False,Mi.,0.97,-0.22
0,0,1,0,0,0,0,0,0,0,0,0,0,0,0,0,0,0,0,0,0,0,0,0,0,1,0,1,23,0.3546,-0.935,258.300,3.0,2024-06-05 13:30:00,-0.3827,-0.9239,False,4,0.030303030303030304,132,164,0,2024-06-05 12:00:00,0.0,-1.0,False,False,Mi.,0.97,-0.22
1,1,0,0,0,0,0,0,0,0,0,0,0,0,0,0,0,0,0,0,0,0,0,0,1,0,0,0,23,0.3546,-0.935,365.232,1.5,2024-06-05 15:15:00,-0.7518,-0.6593,False,24,0.5217391304347826,46,152,1,2024-06-05 14:30:00,-0.6088,-0.7934,False,False,Mi.,0.97,-0.22
0,0,1,0,0,0,0,0,0,0,0,0,0,0,1,0,0,0,0,0,0,0,0,0,0,1,0,0,23,0.3546,-0.935,358.001,3.0,2024-06-06 10:00:00,0.5,-0.866,False,12,0.1016949152542373,118,152,1,2024-06-06 08:30:00,0.7934,-0.6088,False,False,Do.,0.43,-0.9
0,1,0,0,0,0,0,0,0,0,0,0,0,0,1,0,0,0,0,0,0,0,0,0,0,1,0,0,23,0.3546,-0.935,371.000,3.0,2024-06-06 10:00:00,0.5,-0.866,False,33,0.22297297297297297,148,164,0,2024-06-06 08:30:00,0.7934,-0.6088,False,False,Do.,0.43,-0.9
0,0,0,0,0,0,0,0,0,0,0,0,0,0,0,0,0,0,1,1,0,0,0,0,0,1,0,0,23,0.3546,-0.935,531.120,4.0,2024-06-06 11:45:00,0.0654,-0.9979,False,28,0.27450980392156865,102,164,0,2024-06-06 10:15:00,0.4423,-0.8969,False,False,Do.,0.43,-0.9
0,0,0,0,0,0,0,0,0,0,1,0,1,0,0,1,0,0,0,0,0,0,0,0,0,0,0,0,23,0.3546,-0.935,327.029,6.0,2024-06-06 11:45:00,0.0654,-0.9979,False,12,0.12631578947368421,95,152,1,2024-06-06 10:15:00,0.4423,-0.8969,False,True,Do.,0.43,-0.9
0,0,0,0,0,0,0,0,0,0,0,0,0,0,0,0,0,0,1,1,0,0,0,0,0,1,0,0,23,0.3546,-0.935,531.120,4.0,2024-06-06 13:30:00,-0.3827,-0.9239,False,6,0.058823529411764705,102,164,0,2024-06-06 12:00:00,0.0,-1.0,False,True,Do.,0.43,-0.9
0,0,0,0,0,0,0,0,0,0,0,0,0,0,0,0,0,0,1,1,0,0,0,0,0,1,0,0,23,0.3546,-0.935,531.208,4.0,2024-06-06 15:15:00,-0.7518,-0.6593,False,13,0.17105263157894737,76,164,0,2024-06-06 13:45:00,-0.4423,-0.8969,False,False,Do.,0.43,-0.9
0,0,0,0,0,0,0,0,0,0,1,0,0,0,0,0,0,0,1,1,0,0,0,0,0,0,0,0,23,0.3546,-0.935,531.242,3.0,2024-06-06 14:30:00,-0.6088,-0.7934,False,49,3.5,14,152,1,2024-06-06 13:45:00,-0.4423,-0.8969,False,False,Do.,0.43,-0.9
0,0,0,0,0,0,0,0,0,0,1,0,0,0,0,0,0,0,1,1,0,0,0,0,0,0,0,0,23,0.3546,-0.935,531.241,3.0,2024-06-06 14:30:00,-0.6088,-0.7934,False,49,4.9,10,152,1,2024-06-06 13:45:00,-0.4423,-0.8969,False,False,Do.,0.43,-0.9
0,0,0,0,0,0,0,0,0,0,1,0,0,0,0,0,0,0,1,1,0,0,0,0,0,0,0,0,23,0.3546,-0.935,531.240,3.0,2024-06-06 14:30:00,-0.6088,-0.7934,False,49,1.6333333333333333,30,152,1,2024-06-06 13:45:00,-0.4423,-0.8969,False,False,Do.,0.43,-0.9
0,0,0,0,0,0,0,0,0,0,1,0,0,0,0,0,0,0,1,1,0,0,0,0,0,0,0,0,23,0.3546,-0.935,531.240,3.0,2024-06-06 15:15:00,-0.7518,-0.6593,False,49,1.6333333333333333,30,152,1,2024-06-06 14:30:00,-0.6088,-0.7934,False,False,Do.,0.43,-0.9
0,0,0,0,0,0,0,0,1,0,1,0,1,0,0,0,0,0,0,0,0,0,0,0,0,0,0,0,23,0.3546,-0.935,339.350,1.5,2024-06-06 17:00:00,-0.9659,-0.2588,True,3,0.25,12,164,0,2024-06-06 15:30:00,-0.7934,-0.6088,False,False,Do.,0.43,-0.9
0,1,0,0,0,0,0,0,1,0,0,0,0,0,0,0,0,0,0,0,0,0,0,0,0,1,0,0,23,0.3546,-0.935,339.170,3.0,2024-06-06 17:00:00,-0.9659,-0.2588,False,25,0.23148148148148148,108,152,1,2024-06-06 15:30:00,-0.7934,-0.6088,False,False,Do.,0.43,-0.9
0,0,1,0,0,0,0,0,0,0,1,0,0,0,0,0,0,0,0,0,0,1,0,0,0,0,0,0,23,0.3546,-0.935,190.300,4.5,2024-06-06 19:45:00,-0.8969,0.4423,False,22,0.1864406779661017,118,152,1,2024-06-06 17:15:00,-0.9808,-0.1951,False,False,Do.,0.43,-0.9
0,1,0,0,0,0,0,0,0,0,0,0,0,0,0,0,1,0,0,0,0,0,0,0,1,0,0,0,23,0.3546,-0.935,359.022,3.0,2024-06-07 11:45:00,0.0654,-0.9979,False,34,1.2592592592592593,27,152,1,2024-06-07 10:15:00,0.4423,-0.8969,False,False,Fr.,-0.43,-0.9
0,1,0,0,0,0,0,0,0,0,0,0,0,0,0,0,1,0,0,0,0,0,0,0,1,0,0,0,23,0.3546,-0.935,359.020,3.0,2024-06-07 11:45:00,0.0654,-0.9979,False,34,0.9714285714285714,35,152,1,2024-06-07 10:15:00,0.4423,-0.8969,False,False,Fr.,-0.43,-0.9
0,1,0,0,0,0,0,0,0,0,0,0,0,0,0,0,1,0,0,0,0,0,0,0,1,0,0,0,23,0.3546,-0.935,359.024,3.0,2024-06-07 11:45:00,0.0654,-0.9979,False,34,1.0303030303030303,33,152,1,2024-06-07 10:15:00,0.4423,-0.8969,False,False,Fr.,-0.43,-0.9
0,1,0,0,0,0,0,0,0,0,0,0,0,0,0,0,0,1,0,0,0,0,0,0,0,1,0,0,23,0.3546,-0.935,383.028,3.0,2024-06-07 13:30:00,-0.3827,-0.9239,False,20,0.1282051282051282,156,152,1,2024-06-07 12:00:00,0.0,-1.0,False,False,Fr.,-0.43,-0.9
0,1,0,0,0,0,0,0,1,0,0,0,0,0,0,0,0,0,0,0,0,0,0,0,0,1,0,0,24,0.2393,-0.9709,368.190,3.0,2024-06-10 10:00:00,0.5,-0.866,False,32,0.1322314049586777,242,152,1,2024-06-10 08:30:00,0.7934,-0.6088,False,False,Mo.,0.0,1.0
0,1,0,0,0,0,0,0,0,0,1,0,0,0,0,0,0,0,0,0,0,0,0,1,0,0,0,0,24,0.2393,-0.9709,238.302,3.0,2024-06-10 11:45:00,0.0654,-0.9979,False,18,0.1565217391304348,115,152,1,2024-06-10 10:15:00,0.4423,-0.8969,False,False,Mo.,0.0,1.0
0,0,0,0,0,0,0,0,0,0,0,0,1,0,0,0,0,0,0,0,0,0,0,0,0,1,0,1,24,0.2393,-0.9709,258.410,3.0,2024-06-10 13:30:00,-0.3827,-0.9239,False,37,0.21764705882352942,170,164,0,2024-06-10 12:00:00,0.0,-1.0,False,False,Mo.,0.0,1.0
0,1,0,0,0,0,0,0,0,0,1,0,0,0,0,0,0,0,0,0,0,0,1,0,0,0,0,0,24,0.2393,-0.9709,231.115,3.0,2024-06-10 13:30:00,-0.3827,-0.9239,False,17,0.2361111111111111,72,152,1,2024-06-10 12:00:00,0.0,-1.0,False,False,Mo.,0.0,1.0
0,0,0,0,0,0,0,1,0,0,0,0,0,0,0,0,0,0,0,0,0,0,1,0,0,1,0,0,24,0.2393,-0.9709,136.309,3.0,2024-06-10 15:15:00,-0.7518,-0.6593,False,19,0.19387755102040816,98,164,0,2024-06-10 13:45:00,-0.4423,-0.8969,False,False,Mo.,0.0,1.0
0,1,0,0,0,0,0,0,0,0,1,0,0,0,0,0,0,0,0,0,0,0,0,1,0,0,0,0,24,0.2393,-0.9709,238.213,3.0,2024-06-10 17:00:00,-0.9659,-0.2588,False,23,0.14375,160,164,0,2024-06-10 15:30:00,-0.7934,-0.6088,False,False,Mo.,0.0,1.0
0,0,1,0,0,0,0,0,0,0,0,0,0,0,0,0,1,0,0,0,0,0,0,0,0,1,0,0,24,0.2393,-0.9709,360.001,4.5,2024-06-10 18:45:00,-0.9808,0.1951,False,9,0.0743801652892562,121,164,0,2024-06-10 17:15:00,-0.9808,-0.1951,False,True,Mo.,0.0,1.0
0,0,1,0,0,0,0,0,1,0,0,0,0,0,0,0,0,0,0,0,0,0,0,0,0,1,0,0,24,0.2393,-0.9709,366.560,3.0,2024-06-11 10:00:00,0.5,-0.866,False,14,0.0945945945945946,148,152,1,2024-06-11 08:30:00,0.7934,-0.6088,False,False,Di.,0.78,0.62
0,0,1,0,0,0,0,0,0,0,0,0,0,0,0,0,1,0,0,0,0,0,0,0,0,1,0,0,24,0.2393,-0.9709,361.001,4.5,2024-06-11 10:00:00,0.5,-0.866,False,47,0.3560606060606061,132,164,0,2024-06-11 08:30:00,0.7934,-0.6088,False,False,Di.,0.78,0.62
0,0,1,0,0,0,0,0,0,0,0,0,0,0,0,0,1,0,0,0,0,0,0,0,0,1,0,0,24,0.2393,-0.9709,360.001,4.5,2024-06-11 11:45:00,0.0654,-0.9979,False,12,0.09917355371900827,121,152,1,2024-06-11 10:15:00,0.4423,-0.8969,False,False,Di.,0.78,0.62
0,1,0,0,0,0,0,0,1,0,0,0,0,0,0,0,0,0,0,0,0,0,0,0,0,1,0,0,24,0.2393,-0.9709,340.100,3.0,2024-06-11 11:45:00,0.0654,-0.9979,False,25,0.12886597938144329,194,164,0,2024-06-11 10:15:00,0.4423,-0.8969,False,False,Di.,0.78,0.62
0,1,0,0,0,0,0,0,0,0,0,0,0,0,0,0,0,1,0,0,0,0,0,0,0,1,0,0,24,0.2393,-0.9709,382.037,6.0,2024-06-11 15:15:00,-0.7518,-0.6593,False,20,0.14388489208633093,139,152,1,2024-06-11 12:00:00,0.0,-1.0,False,False,Di.,0.78,0.62
0,0,0,1,0,0,0,0,1,0,0,0,0,0,0,0,0,0,0,0,0,0,0,0,0,1,0,0,24,0.2393,-0.9709,364.000,3.0,2024-06-11 15:15:00,-0.7518,-0.6593,False,6,0.032432432432432434,185,164,0,2024-06-11 13:45:00,-0.4423,-0.8969,False,False,Di.,0.78,0.62
0,1,0,0,0,0,0,0,0,0,1,0,0,0,0,0,0,0,0,0,0,0,1,0,0,0,0,0,24,0.2393,-0.9709,229.054,6.0,2024-06-11 18:00:00,-1.0,-0.0,False,17,0.12318840579710146,138,152,1,2024-06-11 15:30:00,-0.7934,-0.6088,False,False,Di.,0.78,0.62
0,0,0,1,0,0,0,0,1,0,0,0,0,0,0,0,0,0,0,0,0,0,0,0,0,1,0,0,24,0.2393,-0.9709,340.400,3.0,2024-06-11 17:00:00,-0.9659,-0.2588,False,15,0.10714285714285714,140,164,0,2024-06-11 15:30:00,-0.7934,-0.6088,False,False,Di.,0.78,0.62
0,1,0,0,1,0,0,0,0,0,1,0,0,0,0,0,0,0,0,0,0,0,0,0,0,0,0,0,24,0.2393,-0.9709,250.900,3.0,2024-06-12 10:00:00,0.5,-0.866,True,73,0.8902439024390244,82,152,1,2024-06-12 08:30:00,0.7934,-0.6088,False,False,Mi.,0.97,-0.22
0,1,0,0,0,0,0,0,0,0,0,0,0,0,1,0,0,0,0,0,0,0,0,0,0,1,0,0,24,0.2393,-0.9709,371.000,3.0,2024-06-12 10:00:00,0.5,-0.866,False,27,0.18243243243243243,148,164,0,2024-06-12 08:30:00,0.7934,-0.6088,False,False,Mi.,0.97,-0.22
0,0,0,1,0,0,0,0,0,0,0,0,0,0,0,1,0,0,0,0,0,0,0,0,0,1,0,0,24,0.2393,-0.9709,325.004,3.0,2024-06-12 11:45:00,0.0654,-0.9979,False,43,2.15,20,164,0,2024-06-12 10:15:00,0.4423,-0.8969,False,False,Mi.,0.97,-0.22
0,0,0,0,0,0,0,0,0,0,0,0,0,0,0,0,0,0,1,1,0,0,0,0,0,1,0,0,24,0.2393,-0.9709,531.170,2.0,2024-06-12 11:45:00,0.0654,-0.9979,False,43,0.44329896907216493,97,164,0,2024-06-12 10:15:00,0.4423,-0.8969,False,False,Mi.,0.97,-0.22
0,0,0,0,0,0,0,0,0,0,1,0,1,0,0,1,0,0,0,0,0,0,0,0,0,0,0,0,24,0.2393,-0.9709,327.029,6.0,2024-06-12 11:45:00,0.0654,-0.9979,False,23,0.24210526315789474,95,152,1,2024-06-12 10:15:00,0.4423,-0.8969,False,False,Mi.,0.97,-0.22
0,0,1,0,0,0,0,0,0,0,0,0,0,0,0,0,0,0,0,0,0,0,0,0,0,1,0,1,24,0.2393,-0.9709,258.300,3.0,2024-06-12 13:30:00,-0.3827,-0.9239,False,17,0.12878787878787878,132,164,0,2024-06-12 12:00:00,0.0,-1.0,False,False,Mi.,0.97,-0.22
1,1,0,0,0,0,0,0,0,0,0,0,0,0,0,0,0,0,0,0,0,0,0,0,1,0,0,0,24,0.2393,-0.9709,365.232,1.5,2024-06-12 15:15:00,-0.7518,-0.6593,False,25,0.5434782608695652,46,152,1,2024-06-12 14:30:00,-0.6088,-0.7934,False,False,Mi.,0.97,-0.22
0,0,0,1,0,0,0,0,0,0,1,0,0,0,0,0,0,0,0,0,0,0,1,0,0,0,0,0,24,0.2393,-0.9709,256.600,3.0,2024-06-12 18:45:00,-0.9808,0.1951,False,38,0.24675324675324675,154,164,0,2024-06-12 17:15:00,-0.9808,-0.1951,False,False,Mi.,0.97,-0.22
0,0,1,0,0,0,0,0,0,0,0,0,0,0,1,0,0,0,0,0,0,0,0,0,0,1,0,0,24,0.2393,-0.9709,358.001,3.0,2024-06-13 10:00:00,0.5,-0.866,False,11,0.09322033898305085,118,152,1,2024-06-13 08:30:00,0.7934,-0.6088,False,False,Do.,0.43,-0.9
0,1,0,0,0,0,0,0,0,0,0,0,0,0,1,0,0,0,0,0,0,0,0,0,0,1,0,0,24,0.2393,-0.9709,371.000,3.0,2024-06-13 10:00:00,0.5,-0.866,False,30,0.20270270270270271,148,164,0,2024-06-13 08:30:00,0.7934,-0.6088,False,False,Do.,0.43,-0.9
0,0,0,0,0,0,0,0,0,0,0,0,0,0,0,0,0,0,1,1,0,0,0,0,0,1,0,0,24,0.2393,-0.9709,531.120,4.0,2024-06-13 11:45:00,0.0654,-0.9979,False,29,0.28431372549019607,102,164,0,2024-06-13 10:15:00,0.4423,-0.8969,False,False,Do.,0.43,-0.9
0,0,0,0,0,0,0,0,0,0,1,0,1,0,0,1,0,0,0,0,0,0,0,0,0,0,0,0,24,0.2393,-0.9709,327.029,6.0,2024-06-13 11:45:00,0.0654,-0.9979,False,13,0.1368421052631579,95,152,1,2024-06-13 10:15:00,0.4423,-0.8969,False,False,Do.,0.43,-0.9
0,0,0,0,0,0,0,0,0,0,0,0,0,0,0,0,0,0,1,1,0,0,0,0,0,1,0,0,24,0.2393,-0.9709,531.120,4.0,2024-06-13 13:30:00,-0.3827,-0.9239,False,12,0.11764705882352941,102,164,0,2024-06-13 12:00:00,0.0,-1.0,False,True,Do.,0.43,-0.9
0,0,0,0,0,0,0,0,0,0,1,0,0,0,0,0,0,0,1,1,0,0,0,0,0,0,0,0,24,0.2393,-0.9709,531.240,3.0,2024-06-13 14:30:00,-0.6088,-0.7934,False,42,1.4,30,152,1,2024-06-13 13:45:00,-0.4423,-0.8969,False,False,Do.,0.43,-0.9
0,0,0,0,0,0,0,0,0,0,1,0,0,0,0,0,0,0,1,1,0,0,0,0,0,0,0,0,24,0.2393,-0.9709,531.241,3.0,2024-06-13 14:30:00,-0.6088,-0.7934,False,42,4.2,10,152,1,2024-06-13 13:45:00,-0.4423,-0.8969,False,False,Do.,0.43,-0.9
0,0,0,0,0,0,0,0,0,0,1,0,0,0,0,0,0,0,1,1,0,0,0,0,0,0,0,0,24,0.2393,-0.9709,531.242,3.0,2024-06-13 14:30:00,-0.6088,-0.7934,False,42,3.0,14,152,1,2024-06-13 13:45:00,-0.4423,-0.8969,False,False,Do.,0.43,-0.9
0,0,0,0,0,0,0,0,0,0,1,0,0,0,0,0,0,0,1,1,0,0,0,0,0,0,0,0,24,0.2393,-0.9709,531.240,3.0,2024-06-13 15:15:00,-0.7518,-0.6593,False,42,1.4,30,152,1,2024-06-13 14:30:00,-0.6088,-0.7934,False,False,Do.,0.43,-0.9
0,1,0,0,0,0,0,0,1,0,0,0,0,0,0,0,0,0,0,0,0,0,0,0,0,1,0,0,24,0.2393,-0.9709,339.170,3.0,2024-06-13 17:00:00,-0.9659,-0.2588,False,26,0.24074074074074073,108,152,1,2024-06-13 15:30:00,-0.7934,-0.6088,False,False,Do.,0.43,-0.9
0,0,1,0,0,0,0,0,0,0,0,0,0,0,0,0,1,0,0,0,0,0,0,0,1,0,0,0,24,0.2393,-0.9709,362.066,1.5,2024-06-14 11:45:00,0.0654,-0.9979,True,47,2.238095238095238,21,152,1,2024-06-14 10:15:00,0.4423,-0.8969,False,True,Fr.,-0.43,-0.9
0,0,1,0,0,0,0,0,0,0,0,0,0,0,0,0,1,0,0,0,0,0,0,0,1,0,0,0,24,0.2393,-0.9709,362.064,1.5,2024-06-14 11:45:00,0.0654,-0.9979,True,47,2.35,20,152,1,2024-06-14 10:15:00,0.4423,-0.8969,False,True,Fr.,-0.43,-0.9
0,0,1,0,0,0,0,0,0,1,0,0,0,0,0,0,0,0,0,0,0,0,0,0,1,0,0,0,24,0.2393,-0.9709,362.073,1.5,2024-06-14 11:45:00,0.0654,-0.9979,True,47,4.2727272727272725,11,152,1,2024-06-14 10:15:00,0.4423,-0.8969,False,True,Fr.,-0.43,-0.9
0,0,1,0,0,0,0,0,0,1,0,0,0,0,0,0,0,0,0,0,0,0,0,0,1,0,0,0,24,0.2393,-0.9709,362.068,1.5,2024-06-14 11:45:00,0.0654,-0.9979,True,47,1.7407407407407407,27,152,1,2024-06-14 10:15:00,0.4423,-0.8969,False,True,Fr.,-0.43,-0.9
0,0,1,0,0,0,0,0,0,0,0,0,0,0,0,0,1,0,0,0,0,0,0,0,1,0,0,0,24,0.2393,-0.9709,362.065,1.5,2024-06-14 11:45:00,0.0654,-0.9979,True,47,1.4242424242424243,33,152,1,2024-06-14 10:15:00,0.4423,-0.8969,False,True,Fr.,-0.43,-0.9
0,0,1,0,0,0,0,0,1,0,1,0,0,0,0,0,0,0,0,0,0,0,0,0,0,0,0,0,24,0.2393,-0.9709,343.355,3.0,2024-06-14 11:45:00,0.0654,-0.9979,False,22,0.7857142857142857,28,164,0,2024-06-14 10:15:00,0.4423,-0.8969,False,False,Fr.,-0.43,-0.9
0,1,0,0,1,0,0,0,0,0,1,0,0,0,0,0,0,0,0,0,0,0,0,0,0,0,0,0,25,0.1205,-0.9927,266.002,3.0,2024-06-17 11:45:00,0.0654,-0.9979,False,35,0.3431372549019608,102,152,1,2024-06-17 10:15:00,0.4423,-0.8969,False,False,Mo.,0.0,1.0
0,0,0,0,0,0,0,0,0,0,0,0,1,0,0,0,0,0,0,0,0,0,0,0,0,1,0,1,25,0.1205,-0.9927,258.410,3.0,2024-06-17 13:30:00,-0.3827,-0.9239,True,29,0.17058823529411765,170,164,0,2024-06-17 12:00:00,0.0,-1.0,False,False,Mo.,0.0,1.0
0,1,0,0,0,0,0,0,0,0,1,0,0,0,0,0,0,0,0,0,0,0,1,0,0,0,0,0,25,0.1205,-0.9927,231.115,3.0,2024-06-17 13:30:00,-0.3827,-0.9239,False,9,0.125,72,152,1,2024-06-17 12:00:00,0.0,-1.0,False,False,Mo.,0.0,1.0
0,0,0,0,0,0,0,1,0,0,0,0,0,0,0,0,0,0,0,0,0,0,1,0,0,1,0,0,25,0.1205,-0.9927,136.309,3.0,2024-06-17 15:15:00,-0.7518,-0.6593,False,2,0.02040816326530612,98,164,0,2024-06-17 13:45:00,-0.4423,-0.8969,False,False,Mo.,0.0,1.0
0,1,0,0,0,0,0,0,0,0,1,0,0,0,0,0,0,0,0,0,0,0,1,0,0,0,0,0,25,0.1205,-0.9927,231.010,3.0,2024-06-17 17:00:00,-0.9659,-0.2588,False,8,0.2962962962962963,27,152,1,2024-06-17 15:30:00,-0.7934,-0.6088,False,False,Mo.,0.0,1.0
0,1,0,0,0,0,0,0,0,0,1,0,0,0,0,0,0,0,0,0,0,0,0,1,0,0,0,0,25,0.1205,-0.9927,238.213,3.0,2024-06-17 17:00:00,-0.9659,-0.2588,False,18,0.1125,160,164,0,2024-06-17 15:30:00,-0.7934,-0.6088,False,False,Mo.,0.0,1.0
0,0,1,0,0,0,0,0,0,0,0,0,0,0,0,0,1,0,0,0,0,0,0,0,0,1,0,0,25,0.1205,-0.9927,360.001,4.5,2024-06-17 18:45:00,-0.9808,0.1951,False,8,0.06611570247933884,121,164,0,2024-06-17 17:15:00,-0.9808,-0.1951,False,True,Mo.,0.0,1.0
0,0,1,0,0,0,0,0,1,0,0,0,0,0,0,0,0,0,0,0,0,0,0,0,0,1,0,0,25,0.1205,-0.9927,366.560,3.0,2024-06-18 10:00:00,0.5,-0.866,False,17,0.11486486486486487,148,152,1,2024-06-18 08:30:00,0.7934,-0.6088,False,False,Di.,0.78,0.62
0,0,1,0,0,0,0,0,0,0,0,0,0,0,0,0,1,0,0,0,0,0,0,0,0,1,0,0,25,0.1205,-0.9927,361.001,4.5,2024-06-18 10:00:00,0.5,-0.866,False,42,0.3181818181818182,132,164,0,2024-06-18 08:30:00,0.7934,-0.6088,False,False,Di.,0.78,0.62
0,0,1,0,0,0,0,0,0,0,0,0,0,0,0,0,1,0,0,0,0,0,0,0,0,1,0,0,25,0.1205,-0.9927,360.001,4.5,2024-06-18 11:45:00,0.0654,-0.9979,False,17,0.14049586776859505,121,152,1,2024-06-18 10:15:00,0.4423,-0.8969,False,False,Di.,0.78,0.62
0,1,0,0,0,0,0,0,1,0,0,0,0,0,0,0,0,0,0,0,0,0,0,0,0,1,0,0,25,0.1205,-0.9927,340.100,3.0,2024-06-18 11:45:00,0.0654,-0.9979,False,33,0.17010309278350516,194,164,0,2024-06-18 10:15:00,0.4423,-0.8969,False,False,Di.,0.78,0.62
0,0,1,0,1,0,0,0,0,0,0,0,0,0,0,0,0,0,0,0,0,0,0,0,0,1,0,0,25,0.1205,-0.9927,259.002,3.0,2024-06-18 13:30:00,-0.3827,-0.9239,False,32,0.14349775784753363,223,164,0,2024-06-18 12:00:00,0.0,-1.0,False,False,Di.,0.78,0.62
0,1,0,0,0,0,0,0,0,0,0,0,0,0,0,0,0,1,0,0,0,0,0,0,0,1,0,0,25,0.1205,-0.9927,382.037,6.0,2024-06-18 15:15:00,-0.7518,-0.6593,False,16,0.11510791366906475,139,152,1,2024-06-18 12:00:00,0.0,-1.0,False,False,Di.,0.78,0.62
0,0,0,1,0,0,0,0,1,0,0,0,0,0,0,0,0,0,0,0,0,0,0,0,0,1,0,0,25,0.1205,-0.9927,364.000,3.0,2024-06-18 15:15:00,-0.7518,-0.6593,False,8,0.043243243243243246,185,164,0,2024-06-18 13:45:00,-0.4423,-0.8969,False,False,Di.,0.78,0.62
0,1,0,0,0,0,0,0,0,0,1,0,0,0,0,0,0,0,0,0,0,0,1,0,0,0,0,0,25,0.1205,-0.9927,229.054,6.0,2024-06-18 18:00:00,-1.0,-0.0,False,12,0.08695652173913043,138,152,1,2024-06-18 15:30:00,-0.7934,-0.6088,False,False,Di.,0.78,0.62
0,0,0,1,0,0,0,0,1,0,0,0,0,0,0,0,0,0,0,0,0,0,0,0,0,1,0,0,25,0.1205,-0.9927,340.400,3.0,2024-06-18 17:00:00,-0.9659,-0.2588,False,18,0.12857142857142856,140,164,0,2024-06-18 15:30:00,-0.7934,-0.6088,False,False,Di.,0.78,0.62
0,0,0,0,0,0,0,0,0,0,1,0,0,0,0,0,0,0,1,1,0,0,0,0,0,0,0,0,25,0.1205,-0.9927,239.010,3.0,2024-06-19 10:00:00,0.5,-0.866,True,14,6.2727272727272725,0,152,1,2024-06-19 08:30:00,0.7934,-0.6088,False,False,Mi.,0.97,-0.22
0,1,0,0,0,0,0,0,0,0,0,0,0,0,1,0,0,0,0,0,0,0,0,0,0,1,0,0,25,0.1205,-0.9927,371.000,3.0,2024-06-19 10:00:00,0.5,-0.866,False,30,0.20270270270270271,148,164,0,2024-06-19 08:30:00,0.7934,-0.6088,False,False,Mi.,0.97,-0.22
0,0,0,0,0,0,0,0,0,0,1,0,1,0,0,1,0,0,0,0,0,0,0,0,0,0,0,0,25,0.1205,-0.9927,327.029,6.0,2024-06-19 11:45:00,0.0654,-0.9979,False,12,0.12631578947368421,95,152,1,2024-06-19 10:15:00,0.4423,-0.8969,False,False,Mi.,0.97,-0.22
0,0,0,0,0,0,0,0,0,0,0,0,0,0,0,0,0,0,1,1,0,0,0,0,0,1,0,0,25,0.1205,-0.9927,531.170,2.0,2024-06-19 11:45:00,0.0654,-0.9979,False,25,0.25773195876288657,97,164,0,2024-06-19 10:15:00,0.4423,-0.8969,False,False,Mi.,0.97,-0.22
0,0,0,1,0,0,0,0,0,0,0,0,0,0,0,1,0,0,0,0,0,0,0,0,0,1,0,0,25,0.1205,-0.9927,325.004,3.0,2024-06-19 11:45:00,0.0654,-0.9979,False,25,1.25,20,164,0,2024-06-19 10:15:00,0.4423,-0.8969,False,False,Mi.,0.97,-0.22
0,0,1,0,0,0,0,0,0,0,0,0,0,0,0,0,0,0,0,0,0,0,0,0,0,1,0,1,25,0.1205,-0.9927,258.300,3.0,2024-06-19 13:30:00,-0.3827,-0.9239,False,4,0.030303030303030304,132,164,0,2024-06-19 12:00:00,0.0,-1.0,False,False,Mi.,0.97,-0.22
0,0,0,0,0,0,0,0,1,0,1,0,1,0,0,0,0,0,0,0,0,0,0,0,0,0,0,0,25,0.1205,-0.9927,259.022,4.5,2024-06-19 14:30:00,-0.6088,-0.7934,False,30,0.4838709677419355,62,152,1,2024-06-19 12:00:00,0.0,-1.0,False,False,Mi.,0.97,-0.22
1,1,0,0,0,0,0,0,0,0,0,0,0,0,0,0,0,0,0,0,0,0,0,0,1,0,0,0,25,0.1205,-0.9927,365.232,1.5,2024-06-19 15:15:00,-0.7518,-0.6593,False,20,0.43478260869565216,46,152,1,2024-06-19 14:30:00,-0.6088,-0.7934,False,False,Mi.,0.97,-0.22
0,0,0,1,0,0,0,0,0,0,1,0,0,0,0,0,0,0,0,0,0,0,1,0,0,0,0,0,25,0.1205,-0.9927,256.600,3.0,2024-06-19 18:45:00,-0.9808,0.1951,False,2,0.012987012987012988,154,164,0,2024-06-19 17:15:00,-0.9808,-0.1951,False,False,Mi.,0.97,-0.22
0,0,1,0,0,0,0,0,0,0,0,0,0,0,1,0,0,0,0,0,0,0,0,0,0,1,0,0,25,0.1205,-0.9927,358.001,3.0,2024-06-20 10:00:00,0.5,-0.866,False,12,0.1016949152542373,118,152,1,2024-06-20 08:30:00,0.7934,-0.6088,False,False,Do.,0.43,-0.9
0,1,0,0,0,0,0,0,0,0,0,0,0,0,1,0,0,0,0,0,0,0,0,0,0,1,0,0,25,0.1205,-0.9927,371.000,3.0,2024-06-20 10:00:00,0.5,-0.866,False,24,0.16216216216216217,148,164,0,2024-06-20 08:30:00,0.7934,-0.6088,False,False,Do.,0.43,-0.9
0,0,0,0,0,0,0,0,0,0,0,0,0,0,0,0,0,0,1,1,0,0,0,0,0,1,0,0,25,0.1205,-0.9927,531.120,4.0,2024-06-20 11:45:00,0.0654,-0.9979,False,18,0.17647058823529413,102,164,0,2024-06-20 10:15:00,0.4423,-0.8969,False,False,Do.,0.43,-0.9
0,0,0,0,0,0,0,0,0,0,1,0,1,0,0,1,0,0,0,0,0,0,0,0,0,0,0,0,25,0.1205,-0.9927,327.029,6.0,2024-06-20 11:45:00,0.0654,-0.9979,False,12,0.12631578947368421,95,152,1,2024-06-20 10:15:00,0.4423,-0.8969,False,False,Do.,0.43,-0.9
0,0,0,0,0,0,0,0,0,0,0,0,0,0,0,0,0,0,1,1,0,0,0,0,0,1,0,0,25,0.1205,-0.9927,531.120,4.0,2024-06-20 13:30:00,-0.3827,-0.9239,False,11,0.10784313725490197,102,164,0,2024-06-20 12:00:00,0.0,-1.0,False,True,Do.,0.43,-0.9
0,0,0,0,0,0,0,0,0,0,1,0,0,0,0,0,0,0,1,1,0,0,0,0,0,0,0,0,25,0.1205,-0.9927,531.242,3.0,2024-06-20 14:30:00,-0.6088,-0.7934,False,37,2.642857142857143,14,152,1,2024-06-20 13:45:00,-0.4423,-0.8969,False,False,Do.,0.43,-0.9
0,0,0,0,0,0,0,0,0,0,1,0,0,0,0,0,0,0,1,1,0,0,0,0,0,0,0,0,25,0.1205,-0.9927,531.241,3.0,2024-06-20 14:30:00,-0.6088,-0.7934,False,37,3.7,10,152,1,2024-06-20 13:45:00,-0.4423,-0.8969,False,False,Do.,0.43,-0.9
0,0,0,0,0,0,0,0,0,0,1,0,0,0,0,0,0,0,1,1,0,0,0,0,0,0,0,0,25,0.1205,-0.9927,531.240,3.0,2024-06-20 14:30:00,-0.6088,-0.7934,False,37,1.2333333333333334,30,152,1,2024-06-20 13:45:00,-0.4423,-0.8969,False,False,Do.,0.43,-0.9
0,0,0,0,0,0,0,0,0,0,1,0,0,0,0,0,0,0,1,1,0,0,0,0,0,0,0,0,25,0.1205,-0.9927,531.240,3.0,2024-06-20 15:15:00,-0.7518,-0.6593,False,37,1.2333333333333334,30,152,1,2024-06-20 14:30:00,-0.6088,-0.7934,False,False,Do.,0.43,-0.9
0,1,0,0,0,0,0,0,1,0,0,0,0,0,0,0,0,0,0,0,0,0,0,0,0,1,0,0,25,0.1205,-0.9927,339.170,3.0,2024-06-20 17:00:00,-0.9659,-0.2588,False,26,0.24074074074074073,108,152,1,2024-06-20 15:30:00,-0.7934,-0.6088,False,False,Do.,0.43,-0.9
